<?xml version="1.0" encoding="utf-8" ?>
<Patch>

<Operation Class="PatchOperationSequence">
  <success>Always</success>
  <operations>
    <li Class="PatchOperationTest">
      <xpath>Defs/TerrainDef[@Name = "FineTileStoneBase"]</xpath>
     </li>
	<li Class="PatchOperationAdd">  
      <xpath>/Defs</xpath>
		<value>
  <TerrainDef  ParentName="VG_FloorBase">
    <defName>FineIronwoodFloor</defName>
    <label>fine ironwood floor</label>
	<renderPrecedence>250</renderPrecedence>
    <description>Fine ironwood flooring. Great care and time is put into making these fine floors. Fit for the highest Royals.</description>
    <texturePath>Things/floor/IronwoodFloor</texturePath>
    <statBases>
     <WorkToBuild>4000</WorkToBuild>
      <Beauty>3</Beauty>
    </statBases>
    <costList>
      <VG_IronWoodLog>20</VG_IronWoodLog>
    </costList>
			<tags>
				<li>FineFloor</li>
			</tags>
    <constructEffect>ConstructWood</constructEffect>
	<constructionSkillPrerequisite>6</constructionSkillPrerequisite>
    <resourcesFractionWhenDeconstructed>0.15</resourcesFractionWhenDeconstructed>
  </TerrainDef>
		</value>
	</li>	
  </operations>
</Operation>

    <!-- check for stuffCategories on instruments -->
	
	
<Operation Class="PatchOperationSequence">
    <success>Always</success>
    <operations>
        <li Class="PatchOperationTest">
            <xpath>/Defs/ThingDef[defName = "Harp"]/stuffCategories</xpath>
            <success>Invert</success>
        </li>
		<li Class="PatchOperationRemove">
			<xpath>/Defs/ThingDef[defName = "Harp"]/costList</xpath>
		</li>		
        <li Class="PatchOperationAdd">
            <xpath>/Defs/ThingDef[defName = "Harp"]</xpath>
            <value>
				<stuffCategories>
					<li>Woody</li>
				</stuffCategories>
				<costStuffCount>150</costStuffCount>
			</value>
        </li>
    </operations>
</Operation>

<Operation Class="PatchOperationSequence">
    <success>Always</success>
    <operations>
        <li Class="PatchOperationTest">
            <xpath>/Defs/ThingDef[defName = "Harpsichord"]/stuffCategories</xpath>
            <success>Invert</success>
        </li>
		<li Class="PatchOperationRemove">
			<xpath>/Defs/ThingDef[defName = "Harpsichord"]/costList</xpath>
		</li>		
        <li Class="PatchOperationAdd">
            <xpath>/Defs/ThingDef[defName = "Harpsichord"]</xpath>
            <value>
				<stuffCategories>
					<li>Woody</li>
				</stuffCategories>
				<costStuffCount>250</costStuffCount>
			</value>
        </li>
    </operations>
</Operation>

<Operation Class="PatchOperationSequence">
    <success>Always</success>
    <operations>
        <li Class="PatchOperationTest">
            <xpath>/Defs/ThingDef[defName = "Piano"]/stuffCategories</xpath>
            <success>Invert</success>
        </li>
		<li Class="PatchOperationRemove">
			<xpath>/Defs/ThingDef[defName = "Piano"]/costList/WoodLog</xpath>
		</li>		
        <li Class="PatchOperationAdd">
            <xpath>/Defs/ThingDef[defName = "Piano"]</xpath>
            <value>
				<stuffCategories>
					<li>Woody</li>
				</stuffCategories>
				<costStuffCount>220</costStuffCount>
			</value>
        </li>
    </operations>
</Operation>


</Patch>

