<?xml version="1.0" encoding="utf-8" ?>
<Patch>

<Operation Class="PatchOperationSequence">
    <success>Always</success>
    <operations>
		<li Class="PatchOperationAdd">
            <xpath>/Defs/RecipeDef[defName = "Make_Kibble"]/ingredients/li[2]/filter/thingDefs
			</xpath>
            <value>
					<li>Silage</li>
			</value>
		</li>
		<li Class="PatchOperationAdd">
            <xpath>/Defs/RecipeDef[defName = "Make_Kibble"]/fixedIngredientFilter/thingDefs
			</xpath>
            <value>
					<li>Silage</li>
			</value>
		</li>
	</operations>
</Operation>

<Operation Class="PatchOperationSequence">
    <success>Always</success>
    <operations>
        <li Class="PatchOperationTest">
           <xpath>/Defs/RecipeDef[defName = "Make_Kibble"]/fixedIngredientFilter/disallowedThingDefs	|
			/Defs/RecipeDef[defName = "VG_MakebulkKibble"]/fixedIngredientFilter/disallowedThingDefs			
			</xpath>
			<success>Always</success>
			</li>
        <li Class="PatchOperationAdd">
            <xpath>/Defs/RecipeDef[defName = "Make_Kibble"]/fixedIngredientFilter	|
			/Defs/RecipeDef[defName = "VG_MakebulkKibble"]/fixedIngredientFilter			
			</xpath>
            <value>
					<disallowedThingDefs />
			</value>
        </li>
	</operations>
</Operation>

<Operation Class="PatchOperationSequence">
    <success>Always</success>
    <operations>
        <li Class="PatchOperationTest">
            <xpath>/Defs/ThingDef[defName = "Rawsugarcane"]</xpath>
        </li>
        <li Class="PatchOperationAdd">
            <xpath>/Defs/RecipeDef[defName = "Make_Kibble"]/fixedIngredientFilter/disallowedThingDefs	|
			/Defs/RecipeDef[defName = "VG_MakebulkKibble"]/fixedIngredientFilter/disallowedThingDefs			
			</xpath>
            <value>
					<li>Rawsugarcane</li>
			</value>
        </li>
	</operations>
</Operation>

</Patch>

