<?xml version="1.0" encoding="utf-8" ?>
<Defs>



  <HediffDef>
    	<defName>HedStew</defName>
    	<label>Ate Stew</label>
    	<initialSeverity>1</initialSeverity>
  	<defaultLabelColor>(0.062, 0.76, 0.05)</defaultLabelColor>      	<hediffClass>HediffWithComps</hediffClass>
    <isBad>false</isBad>
    <comps>
      <li Class="HediffCompProperties_SeverityPerDay">
        <severityPerDay>-1.0</severityPerDay>
      </li>
    </comps>
    <stages>
        <li>
          <minSeverity>0</minSeverity>
          <label>Well Fed: Stew</label>
          <painFactor>0.9</painFactor>
            <capMods>
              <li>
                <capacity>Consciousness</capacity>
                <offset>0.1</offset>
              </li>
              <li>
                <capacity>Metabolism</capacity>
                <offset>0.5</offset>
              </li>
              <li>
                <capacity>BloodFiltration</capacity>
                <offset>0.1</offset>
              </li>
              <li>
                <capacity>BloodPumping</capacity>
                <offset>0.1</offset>
              </li>
            </capMods>
        </li>
      </stages>
  </HediffDef>


 <HediffDef>
    	<defName>HedStirfry</defName>
    	<label>Ate Stirfry</label>
    	<initialSeverity>1</initialSeverity>
  	<defaultLabelColor>(0.062, 0.76, 0.05)</defaultLabelColor>      	<hediffClass>HediffWithComps</hediffClass>
    <isBad>false</isBad>
    <comps>
      <li Class="HediffCompProperties_SeverityPerDay">
        <severityPerDay>-1.0</severityPerDay>
      </li>
    </comps>
    <stages>
        <li>
          <minSeverity>0</minSeverity>
          <label>Well Fed: Stirfry</label>
            <capMods>
              <li>
                <capacity>Manipulation</capacity>
                <offset>0.1</offset>
              </li>
              <li>
                <capacity>BloodFiltration</capacity>
                <offset>0.1</offset>
              </li>
            </capMods>
        </li>
      </stages>
  </HediffDef>


</Defs>