<?xml version="1.0" encoding="utf-8" ?>
<Defs>

  

  <ThingDef ParentName="VG_PlantProductBase">
    <defName>RawRedLentil</defName>
    <label>red lentil</label>
    <description>Raw protein-rich lentil. Used in place of meat in recipes.</description>
    <graphicData>
      <texPath>Things/Veg/redlentil</texPath>
    </graphicData>
    <thingCategories>
      <li>MeatRaw</li>
    </thingCategories>
    <statBases>
      <MarketValue>2</MarketValue>
   	 <Mass>0.003</Mass>
      <Nutrition>0.05</Nutrition>
    </statBases>
    <comps>
      <li Class="CompProperties_Rottable">
        <daysToRotStart>14</daysToRotStart>
      </li>
    </comps>
    <ingestible>
      <preferability>RawBad</preferability>
      <tasteThought>AteRawFood</tasteThought>
      <foodType>Meat</foodType>
      <ingestEffect>EatVegetarian</ingestEffect>
      <ingestSound>RawVegetable_Eat</ingestSound>
    </ingestible>

  </ThingDef>



</Defs>