<?xml version="1.0" encoding="utf-8" ?>
<Defs>



	<RecipeDef>
		<defName>MakeBambooWood</defName>
		<label>convert bamboo into wood</label>
		<description>convert bamboo into wood. \n\n100 bamboo into 100 wood logs.</description>
		<jobString>Chopping wood.</jobString>
    <workSpeedStat>GeneralLaborSpeed</workSpeedStat>
		<effectWorking>CutStone</effectWorking>
		<soundWorking>Recipe_MakeWoodPlanks_Hand</soundWorking>
		<allowMixingIngredients>true</allowMixingIngredients>
		<workAmount>500</workAmount>
		<ingredients>
			<li>
			    <filter>
			      <thingDefs>
			        <li>Bamboo</li>
     			 </thingDefs>
	  		    </filter>
			<count>100</count>
			</li>
		</ingredients>
		<products>
			<WoodLog>100</WoodLog>
		</products>
  		<recipeUsers>
			<li>TableStonecutter</li>
		</recipeUsers>
	</RecipeDef>

	<RecipeDef>
		<defName>MakeIronWood</defName>
		<label>convert ironwood into woodlogs</label>
		<description>convert ironwood into woodlogs. \n\n100 ironwood into 100 wood logs.</description>
		<jobString>Chopping wood.</jobString>
    <workSpeedStat>GeneralLaborSpeed</workSpeedStat>
		<effectWorking>CutStone</effectWorking>
		<soundWorking>Recipe_MakeWoodPlanks_Hand</soundWorking>
		<allowMixingIngredients>true</allowMixingIngredients>
		<workAmount>500</workAmount>
		<ingredients>
			<li>
			    <filter>
			      <thingDefs>
			        <li>VG_IronWoodLog</li>
     			 </thingDefs>
	  		    </filter>
			<count>100</count>
			</li>
		</ingredients>
		<products>
			<WoodLog>100</WoodLog>
		</products>
  		<recipeUsers>
			<li>TableStonecutter</li>
		</recipeUsers>
	</RecipeDef>

</Defs>
