<?xml version="1.0" encoding="utf-8" ?>
<Patch>

<Operation Class="PatchOperationFindMod">
	<mods>
		<li>SeedsPlease</li>	
	</mods>
		<match Class="PatchOperationSequence">
		<success>Always</success>
		<operations>
		<li Class="PatchOperationReplace">
			<xpath>Defs/SeedsPlease.SeedDef[defName = "Seed_Agave"]/sources/li</xpath>
			<value>
				<li>VG_Plant_Agave</li>
			</value>
			</li>
		<li Class="PatchOperationReplace">
			<xpath>Defs/SeedsPlease.SeedDef[defName = "Seed_PincushionCactus"]/sources/li</xpath>
			<value>
				<li>Plant_VGPincushionCactus</li>
			</value>
			</li>			
		<li Class="PatchOperationReplace">
			<xpath>Defs/SeedsPlease.SeedDef[defName = "Seed_Agave"]/label</xpath>
			<value>
				<label>garden agave seeds</label>
			</value>
			</li>
			</operations>
		</match>		
</Operation>

<Operation Class="PatchOperationFindMod">
	<mods>
		<li>SeedsPlease</li>	
	</mods>
		<match Class="PatchOperationSequence">
		<success>Always</success>
		<operations>
		<li Class="PatchOperationAdd">
			<xpath>Defs</xpath>
			<value>
<SeedsPlease.SeedDef ParentName="SeedBase">
    <defName>Seed_Plant_TreeBee</defName>
    <label>Bee Tree seeds</label>
    <sources>
      <li>Plant_TreeBee</li>
    </sources>
</SeedsPlease.SeedDef>  
			</value>
			</li>
			</operations>
		</match>		
</Operation>
	
</Patch>

