<?xml version="1.0" encoding="utf-8" ?>
<Patch>

<Operation Class="PatchOperationSequence">
		<success>Always</success>
		<operations>
			<li Class="PatchOperationAdd">
				<xpath>Defs/ThingDef/comps/li[@Class = "CompProperties_Refuelable" and fuelFilter/thingDefs/li[text() = "WoodLog"]]/fuelFilter/thingDefs</xpath>
				<value>
		 <li>Bamboo</li>
  		 <li>VG_Biofuel</li>
				</value>
			</li>
		</operations>
	</Operation>

<Operation Class="PatchOperationSequence">
		<success>Always</success>
		<operations>
			<li Class="PatchOperationAdd">
  <xpath>Defs/ThingDef[defName = "Campfire"]/comps/li[contains(@Class,'CompProperties_MeditationFocus')]/offsets/li[contains(@Class,'FocusStrengthOffset_BuildingDefsLit')]/defs |
		 Defs/ThingDef[defName = "TorchLamp"]/comps/li[contains(@Class,'CompProperties_MeditationFocus')]/offsets/li[contains(@Class,'FocusStrengthOffset_BuildingDefsLit')]/defs</xpath>			
				<value>
					<li>VG_Campfire</li>
					<li>VG_TorchLamp</li>		
				</value>
			</li>
		</operations>
	</Operation>

<Operation Class="PatchOperationSequence">
  <success>Always</success>
  <operations>
    <li Class="PatchOperationTest">
      <xpath>Defs/ThingDef[defName = "Brazier"]</xpath>
     </li>
	<li Class="PatchOperationAdd">  
  <xpath>Defs/ThingDef[defName = "Brazier"]/comps/li[contains(@Class,'CompProperties_MeditationFocus')]/offsets/li[contains(@Class,'FocusStrengthOffset_BuildingDefsLit')]/defs</xpath>	
		<value>
			<li>VG_Campfire</li>
			<li>VG_TorchLamp</li>	
		</value>
	</li>	
  </operations>
</Operation>
	
<Operation Class="PatchOperationConditional">
            <xpath>/Defs/ThingDef[defName = "PassiveCooler"]/stuffCategories</xpath>
		<nomatch Class="PatchOperationSequence">
			<success>Always</success>
  <operations>
    <li Class="PatchOperationRemove">
 <xpath>Defs/ThingDef[defName = "PassiveCooler"]/constructEffect</xpath>
	</li>
    <li Class="PatchOperationRemove">
 <xpath>Defs/ThingDef[defName = "PassiveCooler"]/costList</xpath>
	</li>
    <li Class="PatchOperationAdd">
 <xpath>Defs/ThingDef[defName = "PassiveCooler"]</xpath>
    <value>
    <stuffCategories>
      <li>Woody</li>
    </stuffCategories>
    <costStuffCount>50</costStuffCount>
    </value>
	</li>
  	</operations>
	</nomatch>	
</Operation>



<Operation Class="PatchOperationSequence">
  <success>Always</success>
  <operations>
	<li Class="PatchOperationTest">
<xpath>Defs/ThingDef[defName = "TableButcher"]/costList</xpath>
	</li>	
	<li Class="PatchOperationRemove">
 <xpath>Defs/ThingDef[defName = "TableButcher"]/costList</xpath>
	</li>
	</operations>
  </Operation>

<Operation Class="PatchOperationFindMod">
	<mods>
		<li>VGP Garden Gourmet</li>
	</mods>
	<nomatch Class="PatchOperationFindMod">
		<mods>
			<li>VGP Garden Drinks</li>
		</mods>
		<match Class="PatchOperationSequence">
			<success>Always</success>
			<operations>
				<li Class="PatchOperationAdd">
  <xpath>Defs/RecipeDef[@Name = "CookMealBase"]/fixedIngredientFilter</xpath>
		<value>
			<disallowedThingDefs>
				<li>Rawsugarcane</li>
			</disallowedThingDefs>
		</value>
			</li>
			</operations>
		</match>
	</nomatch>
</Operation>

<Operation Class="PatchOperationFindMod">
		<mods>
			<li>VGP Garden Drinks</li>
		</mods>
		<match Class="PatchOperationSequence">
			<success>Always</success>
  <operations>
    <li Class="PatchOperationAdd">  
		<xpath>/Defs/ThingDef[defName="VG_FoodShelf"]/building/defaultStorageSettings/filter/categories</xpath>
		<value>
			<li>PrecursorBase</li>
		</value>
		</li>
	</operations>
	</match>	
</Operation>

<Operation Class="PatchOperationFindMod">
		<mods>
			<li>Misc. Bees'n'Honey</li>
		</mods>
		<match Class="PatchOperationSequence">
			<success>Always</success>
  <operations>
    <li Class="PatchOperationReplace">  
		<xpath>/Defs/ThingDef[defName="Honey"]/graphicData/graphicClass</xpath>
		<value>
      <graphicClass>Graphic_Single</graphicClass>
		</value>
		</li>
	</operations>
	</match>	
</Operation>


<Operation Class="PatchOperationConditional">
            <xpath>/Defs/ThingDef[defName = "Bow_Recurve"]/stuffCategories</xpath>
	<nomatch Class="PatchOperationSequence">
    <success>Always</success>
    <operations>
		<li Class="PatchOperationRemove">
			<xpath>/Defs/ThingDef[defName = "Bow_Recurve"]/costList</xpath>
		</li>		
        <li Class="PatchOperationAdd">
            <xpath>/Defs/ThingDef[defName = "Bow_Recurve"]</xpath>
            <value>
				<stuffCategories>
					<li>Woody</li>
				</stuffCategories>
				<costStuffCount>40</costStuffCount>
			</value>
        </li> 
	</operations>
	</nomatch>
</Operation>
		
<Operation Class="PatchOperationConditional">
            <xpath>/Defs/ThingDef[defName = "Bow_Short"]/stuffCategories</xpath>
	<nomatch Class="PatchOperationSequence">
			<success>Always</success>
			<operations>		
				<li Class="PatchOperationRemove">
					<xpath>/Defs/ThingDef[defName = "Bow_Short"]/costList</xpath>
				</li>		
				<li Class="PatchOperationAdd">
					<xpath>/Defs/ThingDef[defName = "Bow_Short"]</xpath>
						<value>
							<stuffCategories>
								<li>Woody</li>
							</stuffCategories>
							<costStuffCount>30</costStuffCount>
						</value>
				</li>
			</operations>
	</nomatch>
</Operation>
		
<Operation Class="PatchOperationConditional">
            <xpath>/Defs/ThingDef[defName = "Pila"]/stuffCategories</xpath>
		<nomatch Class="PatchOperationSequence">
			<success>Always</success>
		<operations>		
		<li Class="PatchOperationRemove">
			<xpath>/Defs/ThingDef[defName = "Pila"]/costList</xpath>
		</li>		
        <li Class="PatchOperationAdd">
            <xpath>/Defs/ThingDef[defName = "Pila"]</xpath>
            <value>
				<stuffCategories>
					<li>Woody</li>
				</stuffCategories>
				<costStuffCount>70</costStuffCount>
			</value>
        </li> 
		</operations>
		</nomatch>
</Operation>
		
<Operation Class="PatchOperationConditional">
            <xpath>/Defs/ThingDef[defName = "Bow_Great"]/stuffCategories</xpath>
		<nomatch Class="PatchOperationSequence">
			<success>Always</success>
  <operations>		
		<li Class="PatchOperationRemove">
			<xpath>/Defs/ThingDef[defName = "Bow_Great"]/costList</xpath>
		</li>		
        <li Class="PatchOperationAdd">
            <xpath>/Defs/ThingDef[defName = "Bow_Great"]</xpath>
            <value>
				<stuffCategories>
					<li>Woody</li>
				</stuffCategories>
				<costStuffCount>50</costStuffCount>
			</value>
        </li>
	</operations>
	</nomatch>
</Operation>
		
<Operation Class="PatchOperationConditional">
            <xpath>/Defs/ScenarioDef[defName = "LostTribe"]/scenario/parts/li[11]/stuff</xpath>
		<nomatch Class="PatchOperationSequence">
			<success>Always</success>
  <operations>		
		<li Class="PatchOperationAdd">
			<xpath>/Defs/ScenarioDef[defName = "LostTribe"]/scenario/parts/li[11]</xpath>
			<value>
				<stuff>WoodLog</stuff>
			</value>
		</li>
		<li Class="PatchOperationAdd">
			<xpath>/Defs/ScenarioDef[defName = "LostTribe"]/scenario/parts/li[12]</xpath>
			<value>
				<stuff>WoodLog</stuff>
			</value>
		</li>
	</operations>
	</nomatch>
</Operation>

<Operation Class="PatchOperationAdd">
	  <xpath>Defs/ThingDef[defName = "Hive"]/killedLeavings</xpath>
	  <value>
			<VG_Hivepiece>1</VG_Hivepiece>
	  </value>
	</Operation>

<Operation Class="PatchOperationReplace">
	<xpath>Defs/ThingDef[defName = "InsectJelly"]/statBases/MarketValue</xpath>
	<value>
		<MarketValue>3.5</MarketValue>
	</value>
</Operation>

</Patch>

