<?xml version="1.0" encoding="utf-8" ?>
<Defs>


  <WorkGiverDef>
    <defName>DoBillsCookBambooCampfire</defName>
    <label>cook meals at campfire</label>
    <giverClass>WorkGiver_DoBill</giverClass>
    <workType>Cooking</workType>
    <priorityInType>97</priorityInType>
    <fixedBillGiverDefs>
      <li>VG_Campfire</li>
    </fixedBillGiverDefs>
    <verb>cook</verb>
    <gerund>cooking at</gerund>
    <requiredCapacities>
      <li>Manipulation</li>
    </requiredCapacities>
    <prioritizeSustains>true</prioritizeSustains>
  </WorkGiverDef>

  <WorkGiverDef>
    <defName>DoBillsHaulBambooCampfire</defName>
    <label>do bills at campfire</label>
    <giverClass>WorkGiver_DoBill</giverClass>
    <workType>Hauling</workType>
    <priorityInType>30</priorityInType>
    <fixedBillGiverDefs>
      <li>VG_Campfire</li>
    </fixedBillGiverDefs>
    <verb>work at</verb>
    <gerund>working at</gerund>
    <requiredCapacities>
      <li>Manipulation</li>
    </requiredCapacities>
    <prioritizeSustains>true</prioritizeSustains>
  </WorkGiverDef>


</Defs>