<?xml version="1.0" encoding="utf-8" ?>
<Defs>


	<!--============================== Main Categories ==============================-->

	<ResearchProjectDef>
		<defName>agriculture</defName>
		<label>agriculture I</label>
		<description>Researches plant genetics to unlock new types of plants to grow! \n\n Unlocks a new tier of vegetables to grow. \n\n Unlocks sowing of Snow Beats, Beans, Red Lentils, and Olives.</description>
		<tab>VG</tab>
		<baseCost>500</baseCost>
		    <techLevel>Neolithic</techLevel>
 		<researchViewX>0</researchViewX>
		<researchViewY>0</researchViewY>
 </ResearchProjectDef>


	<ResearchProjectDef>
		<defName>agricultureII</defName>
		<label>agriculture II</label>
		<description>Researches plant genetics to unlock new types of plants to grow! \n\n Unlocks a new fruits to grow. Fruit has a higher nutrition and requires less to make meals. \n\n Unlocks sowing of Grapes, Agave, Strawberries, Blueberries, and Watermelons.</description>
		<tab>VG</tab>
		<baseCost>1000</baseCost>
		    <techLevel>Neolithic</techLevel>
		<prerequisites>
			<li>agriculture</li>
		</prerequisites>
 		<researchViewX>1</researchViewX>
		<researchViewY>0</researchViewY>
  </ResearchProjectDef>

	<ResearchProjectDef>
		<defName>agricultureIII</defName>
		<label>agriculture III</label>
		<description>Researches plant genetics to unlock new and exciting new types of plants to grow! \n\n Unlocks new fruit trees to grow. Fruit trees have a longer grow time but a higher yield. \n\n Unlocks sowing of Apples, Bananas, Oranges, and Peaches trees.</description>
		<tab>VG</tab>
		<baseCost>1500</baseCost>
		    <techLevel>Medieval</techLevel>
		<prerequisites>
			<li>agricultureII</li>
		</prerequisites>
 		<researchViewX>2</researchViewX>
		<researchViewY>0</researchViewY>
 	 </ResearchProjectDef>

	<ResearchProjectDef>
		<defName>VG_Ambrosia</defName>
		<label>ambrosia</label>
		<description>Researches the ability to grow ambrosia  in hydroponic basins.</description>
		<tab>VG</tab>
		<baseCost>1500</baseCost>
		    <techLevel>Industrial</techLevel>
		<prerequisites>
			<li>Hydroponics</li>
		</prerequisites>
 		<researchViewX>3</researchViewX>
		<researchViewY>1</researchViewY>
 	 </ResearchProjectDef>

	<ResearchProjectDef>
		<defName>agricultureIV</defName>
		<label>Wild biome plants</label>
		<description>Researches plant genetics to unlock new and exciting types of plants to grow! \n\n Unlocks new fruits and trees to grow. Fruit trees have a longer grow time but a higher yield. \n\n Unlocks sowing of cherry, coconut, fig, date trees. Pineapples, cloudberries, and gooseberries.</description>
		<tab>VG</tab>
		<baseCost>1500</baseCost>
		    <techLevel>Medieval</techLevel>
		<prerequisites>
			<li>agricultureII</li>
		</prerequisites>
 		<researchViewX>2</researchViewX>
		<researchViewY>1</researchViewY>
 	 </ResearchProjectDef>


</Defs>