<?xml version="1.0" encoding="utf-8" ?>
<Defs>

  <ThingDef ParentName="BuildingBase">
    <defName>VG_Campfire</defName>
    <label>bamboo campfire</label>
    <thingClass>Building_WorkTable</thingClass>
    <description>Cooks meals and produces heat. Burns out after a few days. As with all heat sources, it must be placed indoors so it has a closed space to heat. Refuelable.</description>    
    <category>Building</category>
    <graphicData>
      <texPath>Things/Building/Misc/Campfire</texPath>
      <graphicClass>Graphic_Single</graphicClass>
      <drawRotated>false</drawRotated>
      <allowFlip>false</allowFlip>
      <damageData>
        <rect>(0.2,0,0.6,0.1)</rect>
      </damageData>
    </graphicData>
    <uiIconPath>Things/Building/Misc/Campfire_MenuIcon</uiIconPath>
    <altitudeLayer>Building</altitudeLayer>
    <passability>PassThroughOnly</passability>
    <pathCost>50</pathCost>
    <constructEffect>ConstructDirt</constructEffect>
    <tickerType>Normal</tickerType>
    <drawerType>RealtimeOnly</drawerType>
    <fillPercent>0.20</fillPercent>
    <statBases>
      <MaxHitPoints>80</MaxHitPoints>
      <WorkToBuild>200</WorkToBuild>
      <Flammability>0</Flammability>
    </statBases>
    <selectable>true</selectable>
    <costList>
      <Bamboo>20</Bamboo> <!-- just the intial wood -->
    </costList>
    <soundImpactDefault>BulletImpact_Ground</soundImpactDefault>
    <leaveResourcesWhenKilled>false</leaveResourcesWhenKilled>
    <resourcesFractionWhenDeconstructed>0</resourcesFractionWhenDeconstructed>
    <placeWorkers>
      <li>PlaceWorker_Heater</li>
    </placeWorkers>
    <drawPlaceWorkersWhileSelected>true</drawPlaceWorkersWhileSelected>
    <comps>
      <li Class="CompProperties_Refuelable">
        <fuelConsumptionRate>9.0</fuelConsumptionRate>
        <fuelCapacity>30.0</fuelCapacity>
        <fuelConsumptionPerTickInRain>0.0006</fuelConsumptionPerTickInRain>
		       <showAllowAutoRefuelToggle>true</showAllowAutoRefuelToggle>
        <fuelFilter>
          <thingDefs>
            <li>WoodLog</li>
		 <li>Bamboo</li> 
         </thingDefs>
        </fuelFilter>
        <initialFuelPercent>1</initialFuelPercent>
      </li>
      <li Class="CompProperties_Glower">
        <glowRadius>10</glowRadius>
        <glowColor>(252,187,113,0)</glowColor>
      </li>
      <li Class="CompProperties_HeatPusher">
        <heatPerSecond>21</heatPerSecond>
        <heatPushMaxTemperature>28</heatPushMaxTemperature>
      </li>
      <li Class="CompProperties_FireOverlay">
        <fireSize>1</fireSize>
      </li>
      <li>
        <compClass>CompGatherSpot</compClass>
      </li>
    </comps>
    <designationCategory>Temperature</designationCategory>
    <hasInteractionCell>True</hasInteractionCell>
    <interactionCellOffset>(0,0,-1)</interactionCellOffset>
    <recipes>
      <li>CookMealSimple</li>
      <li>CookMealSimpleBulk</li>
      <li>Make_Pemmican</li>
      <li>BurnApparel</li>
      <li>BurnWeapon</li>
      <li>BurnDrugs</li>
    </recipes>
    <inspectorTabs>
      <li>ITab_Bills</li>
    </inspectorTabs>
    <building>
      <isMealSource>true</isMealSource>
      <spawnedConceptLearnOpportunity>BillsTab</spawnedConceptLearnOpportunity>
    </building>
    <constructionSkillPrerequisite>3</constructionSkillPrerequisite>
  </ThingDef>

  <ThingDef ParentName="BuildingBase">
    <defName>VG_TorchLamp</defName>
    <label>bamboo torch lamp</label>
    <description>A bamboo torch for lighting an area. People need light to move and work at full speed. Can be automatically refueled with wood. Produces a small amount of heat.</description>
    <category>Building</category>
    <graphicData>
      <texPath>Things/Building/Misc/TorchLamp</texPath>
      <graphicClass>Graphic_Single</graphicClass>
      <drawRotated>false</drawRotated>
      <damageData>
        <rect>(0.35,0.35,0.3,0.3)</rect>
      </damageData>
    </graphicData>
    <uiIconPath>Things/Building/Misc/TorchLamp_MenuIcon</uiIconPath>
    <uiIconScale>0.85</uiIconScale>
    <rotatable>false</rotatable>
    <altitudeLayer>Building</altitudeLayer>
    <passability>PassThroughOnly</passability>
    <pathCost>8</pathCost>
    <constructEffect>ConstructWood</constructEffect>
    <tickerType>Normal</tickerType>
    <drawerType>RealtimeOnly</drawerType>
    <fillPercent>0.15</fillPercent>
    <statBases>
      <MaxHitPoints>80</MaxHitPoints>
      <WorkToBuild>100</WorkToBuild>
      <Flammability>0</Flammability>
    </statBases>
    <selectable>true</selectable>
    <costList>
      <Bamboo>20</Bamboo>
    </costList>
    <soundImpactDefault>BulletImpact_Ground</soundImpactDefault>
    <leaveResourcesWhenKilled>false</leaveResourcesWhenKilled>
    <resourcesFractionWhenDeconstructed>0</resourcesFractionWhenDeconstructed>
    <placeWorkers>
      <li>PlaceWorker_Heater</li>
    </placeWorkers>
    <drawPlaceWorkersWhileSelected>true</drawPlaceWorkersWhileSelected>
    <comps>
      <li Class="CompProperties_Refuelable">
        <fuelConsumptionRate>1.5</fuelConsumptionRate>
        <fuelCapacity>30.0</fuelCapacity>
        <fuelConsumptionPerTickInRain>0.0006</fuelConsumptionPerTickInRain>
        <fuelFilter>
          <thingDefs>
            <li>WoodLog</li>
			<li>Bamboo</li> 
          </thingDefs>
        </fuelFilter>
        <initialFuelPercent>1</initialFuelPercent>
        <showAllowAutoRefuelToggle>true</showAllowAutoRefuelToggle>
      </li>
      <li Class="CompProperties_Glower">
        <glowRadius>10</glowRadius>
        <glowColor>(252,187,113,0)</glowColor>
      </li>
      <li Class="CompProperties_HeatPusher">
        <compClass>CompHeatPusherPowered</compClass>
        <heatPerSecond>3.5</heatPerSecond>
        <heatPushMaxTemperature>23</heatPushMaxTemperature>
      </li>
      <li Class="CompProperties_FireOverlay">
        <fireSize>0.4</fireSize>
        <offset>(0,0,0.2)</offset>
      </li>
    </comps>
    <designationCategory>Furniture</designationCategory>

  </ThingDef>


</Defs>