<?xml version="1.0" encoding="UTF-8"?>

<Defs>
   
	
<ThingDef ParentName="VG_DrinksBase">
      <defName>Cuptea</defName>
      <label>Garden Tea</label>
      <description>A drink made from brew tea leaves.</description>
      <graphicData>
      <texPath>Things/Item/cuptea</texPath>
      <graphicClass>Graphic_StackCount</graphicClass>
    </graphicData>
      <thingCategories>
         <li>SweetMeals</li>
      </thingCategories>
      <statBases>
         <MarketValue>8</MarketValue>
      </statBases>
      <ingestible>
         <preferability>NeverForNutrition</preferability>
		<foodType>Fluid, Processed, Liquor</foodType>
         <joy>0.07</joy>
      <nurseable>true</nurseable>
      <drugCategory>Social</drugCategory>
	 <ingestSound>Ingest_Beer</ingestSound>
      <ingestHoldOffsetStanding>
        <northDefault>
          <offset>(0.18,0,0)</offset>
        </northDefault>
      </ingestHoldOffsetStanding>
      <ingestCommandString>Drink {0}</ingestCommandString>
      <ingestReportString>Drinking {0}.</ingestReportString>
      <chairSearchRadius>25</chairSearchRadius>
      <outcomeDoers>
        <li Class="IngestionOutcomeDoer_GiveHediff">
          <hediffDef>Caffeine</hediffDef>
          <severity>0.05</severity>
        </li>
        <li Class="IngestionOutcomeDoer_OffsetNeed">
          <need>Rest</need>
          <offset>0.07</offset>
        </li>
      </outcomeDoers>
    </ingestible>
    <comps>
      <li Class="CompProperties_Drug">
        <listOrder>1100</listOrder>
      </li>
    </comps>
   </ThingDef>


<ThingDef ParentName="VG_DrinksBase">
	<defName>Coffee</defName>
	<label>Garden Coffee</label>
	<description>A cup of coffee</description>
    <graphicData>
	<texPath>Things/Item/Coffee</texPath>
	<graphicClass>Graphic_StackCount</graphicClass>
    </graphicData>
      <thingCategories>
         <li>SweetMeals</li>
      </thingCategories>
	<stackLimit>75</stackLimit>
	<statBases>
	  <MarketValue>8</MarketValue>
	</statBases>
      <ingestible>
        <preferability>NeverForNutrition</preferability>
		<foodType>Fluid, Processed, Liquor</foodType>
        <joy>0.07</joy>
		<nurseable>true</nurseable>
		<drugCategory>Social</drugCategory>
		<ingestSound>Ingest_Beer</ingestSound>
		<ingestHoldOffsetStanding>
        <northDefault>
          <offset>(0.18,0,0)</offset>
        </northDefault>
	</ingestHoldOffsetStanding>
      <ingestCommandString>Drink {0}</ingestCommandString>
      <ingestReportString>Drinking {0}.</ingestReportString>
      <chairSearchRadius>25</chairSearchRadius>
      <outcomeDoers>
        <li Class="IngestionOutcomeDoer_GiveHediff">
          <hediffDef>Caffeine</hediffDef>
          <severity>0.05</severity>
        </li>
        <li Class="IngestionOutcomeDoer_OffsetNeed">
          <need>Rest</need>
          <offset>0.07</offset>
        </li>
      </outcomeDoers>
    </ingestible>
    <comps>
      <li Class="CompProperties_Drug">
        <listOrder>1100</listOrder>
      </li>
    </comps>
</ThingDef>



<ThingDef ParentName="VG_DrinksBase">
      <defName>Fruitdrink</defName>
      <label>Fruit drink</label>
      <description>A drink made from pressing fruit for their juice.</description>
      <graphicData>
      <texPath>Things/Item/Fruitdrink</texPath>
      <graphicClass>Graphic_StackCount</graphicClass>
    </graphicData>
      <statBases>
         <DeteriorationRate>1</DeteriorationRate>
         <MarketValue>7</MarketValue>
         <WorkToMake>600</WorkToMake>
      </statBases>
      <ingestible>
         <preferability>NeverForNutrition</preferability>
		 <foodType>Fluid, Processed, Liquor</foodType>
         <joy>0.07</joy>
		<nurseable>true</nurseable>
		<drugCategory>Social</drugCategory>
		<ingestSound>Ingest_Beer</ingestSound>
		<ingestHoldOffsetStanding>
        <northDefault>
          <offset>(0.18,0,0)</offset>
        </northDefault>
      </ingestHoldOffsetStanding>
      <ingestCommandString>Drink {0}</ingestCommandString>
      <ingestReportString>Drinking {0}.</ingestReportString>
      <chairSearchRadius>25</chairSearchRadius>
      <outcomeDoers>
        <li Class="IngestionOutcomeDoer_GiveHediff">
          <hediffDef>GoodHappy</hediffDef>
          <severity>0.25</severity>
        </li>
      </outcomeDoers>
  </ingestible>
      <thingCategories>
         <li>SweetMeals</li>
      </thingCategories>
    <comps>
      <li Class="CompProperties_Drug">
        <listOrder>1100</listOrder>
      </li>
    </comps>
 </ThingDef>
   
<ThingDef ParentName="VG_MealRottable">
      <defName>bowlstew</defName>
      <label>bowl of stew</label>
      <description>A bowl of slow cooking stew. \n\nFood Effects: Consciousness, Metabolism, Blood Filtration, and Blood Pumping.</description>
      <graphicData>
      <texPath>Things/Item/Meal/bowlstew</texPath>
      <graphicClass>Graphic_Single</graphicClass>
    </graphicData>
      <statBases>
         <DeteriorationRate>10</DeteriorationRate>
         <MarketValue>25</MarketValue>
         <WorkToMake>1500</WorkToMake>
         <Nutrition>1.00</Nutrition>
     </statBases>
      <ingestible>
       <preferability>MealLavish</preferability>
	<tasteThought>AteLavishMeal</tasteThought>
         <ingestEffect>EatVegetarian</ingestEffect>
         <ingestSound>Meal_Eat</ingestSound>
      <outcomeDoers>
        <li Class="IngestionOutcomeDoer_GiveHediff">
          <hediffDef>HedStew</hediffDef>
          <severity>0.25</severity>
        </li>
      </outcomeDoers>
      </ingestible>
    <thingCategories>
      <li>LavishMeals</li>
    </thingCategories>
   </ThingDef>

<ThingDef ParentName="VG_MealRottable">
      <defName>stirfry</defName>
      <label>stirfry</label>
      <description>Cooking technique in which ingredients are fried in a small amount of very hot oil. \n\nFood Effects: Manipulation and Blood Filtration.</description>
      <graphicData>
      <texPath>Things/Item/Meal/stirfry</texPath>
      <graphicClass>Graphic_Single</graphicClass>
    </graphicData>
      <statBases>
         <DeteriorationRate>10</DeteriorationRate>
         <MarketValue>25</MarketValue>
         <WorkToMake>10000</WorkToMake>
      	<Nutrition>0.90</Nutrition>
      </statBases>
      <ingestible>
      <preferability>MealFine</preferability>
		<tasteThought>AteFineMeal</tasteThought>
         <ingestEffect>EatVegetarian</ingestEffect>
         <ingestSound>Meal_Eat</ingestSound>
       <outcomeDoers>
        <li Class="IngestionOutcomeDoer_GiveHediff">
          <hediffDef>HedStirfry</hediffDef>
          <severity>0.25</severity>
        </li>
      </outcomeDoers>
     </ingestible>
    <thingCategories>
      <li>FineMeals</li>
    </thingCategories>
   </ThingDef>
   
  <ThingDef ParentName="OrganicProductBase">
    <defName>VG_Hardtack</defName>
    <label>Hardtack</label>
    <description>A simple type of biscuit. Tastes bland, but not offensive. Made from grains. It lasts a very long time without refrigeration. Great for traveling.</description>
    <thingClass>ThingWithComps</thingClass>
    <thingCategories>
      <li>Foods</li>
    </thingCategories>
    <graphicData>
      <texPath>Things/Item/Hardtack</texPath>
      <graphicClass>Graphic_StackCount</graphicClass>
    </graphicData>
    <socialPropernessMatters>true</socialPropernessMatters>
    <statBases>
      <MarketValue>1.2</MarketValue>
      <Mass>0.018</Mass>
      <Flammability>0.6</Flammability>
      <WorkToMake>700</WorkToMake>
      <DeteriorationRate>2</DeteriorationRate>
      <Nutrition>0.05</Nutrition>
    </statBases>
    <ingestible>
      <foodType>Meal</foodType>
      <preferability>MealSimple</preferability>
      <ingestEffect>EatVegetarian</ingestEffect>
      <ingestSound>Meal_Eat</ingestSound>
      <optimalityOffsetHumanlikes>6</optimalityOffsetHumanlikes>
    </ingestible>
    <comps>
      <li Class="CompProperties_Rottable">
        <daysToRotStart>70</daysToRotStart>
        <rotDestroys>true</rotDestroys>
      </li>
      <li Class="CompProperties_Ingredients" />
    </comps>
  </ThingDef>   

</Defs>