<?xml version="1.0" encoding="utf-8" ?>

<Defs>

  <ThingDef ParentName="VG_ResourceBase">
    <defName>Honey</defName>
     <label>honey</label>
    <description>Super sweet, super delicious, honey is used as a natural sweetener in all sorts of goodies.  Also used in the production of mead. Doesn't spoil, though can deteriorate if left outside.</description>
    <graphicData>
      <texPath>Things/Item/Honey</texPath>
      <graphicClass>Graphic_StackCount</graphicClass>
    </graphicData>
    <soundInteract>Standard_Drop</soundInteract>
    <soundDrop>Standard_Drop</soundDrop>
		<socialPropernessMatters>true</socialPropernessMatters>
    <statBases>
      <MaxHitPoints>60</MaxHitPoints>
      <MarketValue>8</MarketValue>
      <Mass>0.15</Mass>
      <Flammability>1.0</Flammability>
      <DeteriorationRate>3</DeteriorationRate>
	  <Nutrition>0.05</Nutrition>
    </statBases>
	<tickerType>Rare</tickerType>
    <thingCategories>
      <li>CookingSupplies</li>
    </thingCategories>
    <ingestible>
      <preferability>DesperateOnly</preferability>
      <foodType>Processed</foodType>
      <joy>0.10</joy>
      <joyKind>Gluttonous</joyKind>
      <maxNumToIngestAtOnce>4</maxNumToIngestAtOnce>
      <ingestSound>Meal_Eat</ingestSound>
		<specialThoughtDirect>VP_AteHoney</specialThoughtDirect>
		<specialThoughtAsIngredient>SRV_FoodMadeWithHoney</specialThoughtAsIngredient>
    </ingestible>
  </ThingDef>

<RecipeDef>
	<defName>Makemead</defName>
	<label>make five honey mead drinks</label>
	<description>Press honey into mead by hand.</description>
	<jobString>brew mead.</jobString>
	<workSpeedStat>CookSpeed</workSpeedStat>
	<workAmount>700</workAmount>
		<effectWorking>Cook</effectWorking>
    <soundWorking>Recipe_CookMeal</soundWorking>         
	<ingredients>
	<li>
	    <filter>
	      <thingDefs>
	        <li>Honey</li>
	      </thingDefs>
	    </filter>
	    <count>25</count>
	  </li>
	</ingredients>
	<fixedIngredientFilter>
	   <thingDefs>
	        <li>Honey</li>
	      </thingDefs>
      <specialFiltersToDisallow>
        <li>AllowRotten</li>
      </specialFiltersToDisallow>
	</fixedIngredientFilter>
	<products>
	  <Mead>5</Mead>
	</products>
	<workSkill>Cooking</workSkill>
	<recipeUsers>
         <li>Brewery</li>
      </recipeUsers>
</RecipeDef>

	<JoyGiverDef>
		<defName>VP_EatHoney</defName>
		<giverClass>JoyGiver_Ingest</giverClass>
		<baseChance>3</baseChance>
		<thingDefs>
			<li>Honey</li>
		</thingDefs>
		<joyKind>Gluttonous</joyKind>
	</JoyGiverDef>



	<HediffDef>
		<defName>VP_AteHoney</defName>
		<description>You've ate a something good. And are feeling the positive effects of that.</description>
		<hediffClass>HediffWithComps</hediffClass>
		<label>Ate Honey</label>
		<defaultLabelColor>(0.8,0.5,0.5)</defaultLabelColor>
		<initialSeverity>0.8</initialSeverity>
		<comps>
			<li Class="HediffCompProperties_SeverityPerDay">
				<severityPerDay>-0.8</severityPerDay>
			</li>
		</comps>
		<stages>
			<li>
				<label>initial-hidden</label>
				<becomeVisible>false</becomeVisible>
			</li>
			<li>
				<minSeverity>0.01</minSeverity>
				<label>ate honey</label>
				<becomeVisible>false</becomeVisible>
			</li>
		</stages>
	</HediffDef>

  <ThoughtDef>
    <defName>VP_AteHoney</defName>
    <durationDays>1</durationDays>
    <stages>
      <li>
		<label>ate honey</label>
		<description>I ate some flavorful and sweet honey. It was delicious!</description>
        <baseMoodEffect>4</baseMoodEffect>
      </li>
    </stages>
  </ThoughtDef>

	<ThoughtDef>
		<defName>SRV_FoodMadeWithHoney</defName>
		<durationDays>1</durationDays>
		<stackLimit>1</stackLimit>
		<stages>
			<li>
				<label>meal included honey</label>
				<description>I ate a meal made with honey. Yum!</description>
				<baseMoodEffect>2</baseMoodEffect>
			</li>
		</stages>
	</ThoughtDef>

  <ThingDef ParentName="DrugBase">
    <defName>Mead</defName>
    <label>honey mead</label>
    <description>Mead can taste good, but its main effect is intoxication. Excessive consumption can lead to alcohol blackouts and, over time, addiction.</description>
    <graphicData>
      <texPath>Things/Item/Mead</texPath>
      <graphicClass>Graphic_StackCount</graphicClass>
    </graphicData>
    <equippedAngleOffset>-150</equippedAngleOffset>
    <rotatable>false</rotatable>
    <stackLimit>25</stackLimit>
    <statBases>
      <DeteriorationRate>0.5</DeteriorationRate>
      <MarketValue>11</MarketValue>
      <Mass>0.3</Mass>
      <Flammability>0.5</Flammability>
      <Nutrition>0.08</Nutrition>
    </statBases>
    <ingestible>
      <foodType>Fluid, Processed, Liquor</foodType>
      <joyKind>Chemical</joyKind>
      <joy>0.17</joy>
      <nurseable>true</nurseable>
      <drugCategory>Social</drugCategory>
      <ingestSound>Ingest_Beer</ingestSound>
      <ingestHoldOffsetStanding>
        <northDefault>
          <offset>(0.18,0,0)</offset>
        </northDefault>
      </ingestHoldOffsetStanding>
      <ingestCommandString>Drink {0}</ingestCommandString>
      <ingestReportString>Drinking {0}.</ingestReportString>
      <chairSearchRadius>25</chairSearchRadius>
      <outcomeDoers>
        <li Class="IngestionOutcomeDoer_GiveHediff">
          <hediffDef>AlcoholHigh</hediffDef>
          <severity>0.15</severity>
          <toleranceChemical>Alcohol</toleranceChemical>
        </li>
        <li Class="IngestionOutcomeDoer_GiveHediff">
          <hediffDef>AlcoholTolerance</hediffDef>
          <severity>0.016</severity>
					<divideByBodySize>true</divideByBodySize>
				</li>
      </outcomeDoers>
    </ingestible>
    <equipmentType>Primary</equipmentType>
    <techLevel>Neolithic</techLevel>
    <comps>
      <li Class="CompProperties_Drug">
        <chemical>Alcohol</chemical>
        <addictiveness>0.010</addictiveness>
        <minToleranceToAddict>0.25</minToleranceToAddict>
        <existingAddictionSeverityOffset>0.20</existingAddictionSeverityOffset>
        <needLevelOffset>1</needLevelOffset>
        <listOrder>10</listOrder>
      </li>
      <li>
        <compClass>CompEquippable</compClass>
      </li>
    </comps>
    <tools>
      <li>
        <label>bottle</label>
        <capacities>
          <li>Blunt</li>
        </capacities>
        <power>9</power>
        <cooldownTime>2</cooldownTime>
      </li>
      <li>
        <label>neck</label>
        <capacities>
          <li>Poke</li>
        </capacities>
        <power>9</power>
        <cooldownTime>2</cooldownTime>
      </li>
    </tools>
  </ThingDef>


	<IncidentDef>
		<defName>BeeHiveSprout</defName>
		<label>beehive formed</label>
		<category>Misc</category>
    <targetTags>
      <li>Map_PlayerHome</li>
    </targetTags>
		<workerClass>Spout.IncidentWorker_BeeSprout</workerClass>
		<baseChance>0.35</baseChance>
		<letterLabel>BeeHives Formed</letterLabel>
		<letterText>A group of bee's have formed some hives. Let them grow and steal their honey!</letterText>
		<letterDef>PositiveEvent</letterDef>
		<allowedBiomes>
			<li>TropicalRainforest</li>
			<li>TropicalSwamp</li>
			<li>TemperateForest</li>
			<li>TemperateSwamp</li>
			<li>BorealForest</li>
			<li>AridShrubland</li>
		</allowedBiomes>
	</IncidentDef>


<ThingDef ParentName="VG_PlantBase">
	 <defName>ST_WildHoneyTree</defName>
      <label>bee hive</label>
      <description>A hive of bees. Harvest them for honey.</description>
      <graphicData>
        <texPath>Things/Plants/BeeHive</texPath>
        <graphicClass>Graphic_Random</graphicClass>
      <shadowData>
        <volume>(0.3, 0.3, 0.3)</volume>
      </shadowData>
      </graphicData>
    <statBases>
      <MaxHitPoints>300</MaxHitPoints>
        <Beauty>1</Beauty>
     <Nutrition>1.50</Nutrition>
    </statBases>
    <altitudeLayer>Building</altitudeLayer>
    <selectable>true</selectable>
    <fillPercent>0.43</fillPercent>
    <passability>PassThroughOnly</passability>
    <pathCost>130</pathCost>
    <blockWind>true</blockWind>
      <neverMultiSelect>false</neverMultiSelect>
  <ingestible>
      <foodType>Plant</foodType>
      <preferability>RawBad</preferability>
    </ingestible>
      <plant>
		<growDays>6</growDays>
		<lifespanDaysPerGrowDays>10</lifespanDaysPerGrowDays>
	    	<harvestYield>5</harvestYield>
		<fertilitySensitivity>0.5</fertilitySensitivity>
        	<harvestedThingDef>Honey</harvestedThingDef>
	 <soundHarvesting>Harvest_Tree</soundHarvesting>
      <soundHarvestFinish>Harvest_Tree_Finish</soundHarvestFinish>
      <sowWork>1200</sowWork>
      <harvestWork>600</harvestWork>
      <harvestTag>Standard</harvestTag>
      <harvestMinGrowth>0.60</harvestMinGrowth>
      <harvestFailable>false</harvestFailable>
	 <harvestAfterGrowth>0.30</harvestAfterGrowth>
      <blockAdjacentSow>true</blockAdjacentSow>
      <visualSizeRange>0.5~0.75</visualSizeRange>
      <topWindExposure>0.25</topWindExposure>
      <wildClusterRadius>2</wildClusterRadius>
      <wildClusterWeight>2</wildClusterWeight>
      <wildOrder>3</wildOrder>
      <interferesWithRoof>true</interferesWithRoof>
	<wildBiomes>
	   <TemperateForest>0.01</TemperateForest>
	   <TropicalRainforest>0.01</TropicalRainforest>    		
        <AridShrubland>0.01</AridShrubland>
        <Desert>0.01</Desert>
   	   <BorealForest>0.01</BorealForest>
	   <Tundra>0.01</Tundra>
	</wildBiomes>
      </plant>
	</ThingDef>


  </Defs>
