<?xml version="1.0" encoding="utf-8" ?>
<Defs>

  <ThingDef Name="VG_ResourceBase" Abstract="True">
    <thingClass>ThingWithComps</thingClass>
    <category>Item</category>
    <resourceReadoutPriority>Middle</resourceReadoutPriority>
    <useHitPoints>true</useHitPoints>
    <selectable>true</selectable>
    <altitudeLayer>Item</altitudeLayer>
    <stackLimit>75</stackLimit>
		<statBases>
			<Beauty>-4</Beauty>
		</statBases>
		<comps>
			<li Class="CompProperties_Forbiddable"/>
		</comps>
		<alwaysHaulable>true</alwaysHaulable>
		<drawGUIOverlay>true</drawGUIOverlay>
		<rotatable>false</rotatable>
		<pathCost>15</pathCost>
	</ThingDef>
  
    <ThingDef Name="VG_ResourceVerbBase" ParentName="VG_ResourceBase" Abstract="True">
    <equipmentType>Primary</equipmentType>
    <techLevel>Neolithic</techLevel>
    <comps>
      <li>
        <compClass>CompEquippable</compClass>
      </li>
    </comps>
  </ThingDef>



    <ThingDef Name="VG_MealBase" Abstract="True">
    <thingClass>ThingWithComps</thingClass>
    <category>Item</category>
    <useHitPoints>true</useHitPoints>
    <selectable>true</selectable>
    <statBases>
      <MaxHitPoints>50</MaxHitPoints>
      <Flammability>1.0</Flammability>
			<Beauty>0</Beauty>
			<Mass>0.44</Mass>
			<DeteriorationRate>10</DeteriorationRate>
		</statBases>
    <altitudeLayer>Item</altitudeLayer>
    <stackLimit>75</stackLimit>
    <tickerType>Rare</tickerType>
    <socialPropernessMatters>true</socialPropernessMatters>
    <alwaysHaulable>true</alwaysHaulable>
    <comps>
      <li Class="CompProperties_Forbiddable" />
      <li Class="CompProperties_Ingredients" />
      <li Class="CompProperties_FoodPoisonable" />
    </comps>
    <pathCost>15</pathCost>
    <resourceReadoutPriority>Last</resourceReadoutPriority>
    <drawGUIOverlay>true</drawGUIOverlay>
    <ingestible>
      <foodType>Meal</foodType>
      <maxNumToIngestAtOnce>1</maxNumToIngestAtOnce>
      <optimalityOffsetHumanlikes>16</optimalityOffsetHumanlikes>
    </ingestible>
  </ThingDef>

    <ThingDef Name="VG_DrinksBase" Abstract="True">
    <thingClass>ThingWithComps</thingClass>
    <category>Item</category>
    <useHitPoints>true</useHitPoints>
    <selectable>true</selectable>
    <statBases>
		<MaxHitPoints>50</MaxHitPoints>
		<Flammability>1.0</Flammability>
		<Beauty>-6</Beauty>
		<Mass>0.35</Mass>
	</statBases>
    <altitudeLayer>Item</altitudeLayer>
    <stackLimit>75</stackLimit>
    <tickerType>Rare</tickerType>
    <socialPropernessMatters>true</socialPropernessMatters>
    <alwaysHaulable>true</alwaysHaulable>
	<rotatable>false</rotatable>
    <comps>
      <li Class="CompProperties_Forbiddable" />
      <li Class="CompProperties_Ingredients" />
    </comps>
    <pathCost>15</pathCost>
    <resourceReadoutPriority>Last</resourceReadoutPriority>
    <drawGUIOverlay>true</drawGUIOverlay>
	<burnableByRecipe>true</burnableByRecipe>
    <ingestible>
		<preferability>NeverForNutrition</preferability>
		<maxNumToIngestAtOnce>1</maxNumToIngestAtOnce>
		<optimalityOffsetHumanlikes>16</optimalityOffsetHumanlikes>
		<optimalityOffsetFeedingAnimals>-5</optimalityOffsetFeedingAnimals>
		<chairSearchRadius>10</chairSearchRadius>
		<joyKind>Gluttonous</joyKind>
		<ingestHoldUsesTable>false</ingestHoldUsesTable>
    </ingestible>
  </ThingDef>


  <ThingDef ParentName="VG_MealBase" Name="VG_MealRottable" Abstract="True">
    <comps>
      <li Class="CompProperties_Rottable">
        <daysToRotStart>4</daysToRotStart>
        <rotDestroys>true</rotDestroys>
      </li>
    </comps>
  </ThingDef>
	
	  <ThingDef Abstract="True" Name="VG_OrganicProductBase" ParentName="VG_ResourceBase">
    <graphicData>
      <graphicClass>Graphic_Single</graphicClass>
    </graphicData>
    <socialPropernessMatters>true</socialPropernessMatters>
    <statBases>
      <MaxHitPoints>100</MaxHitPoints>
      <Flammability>1.0</Flammability>
      <DeteriorationRate>10</DeteriorationRate>
			<Mass>0.03</Mass>
    </statBases>
    <tickerType>Rare</tickerType>
  </ThingDef>

  <ThingDef Abstract="True" Name="VG_PlantFoodRawBase" ParentName="VG_OrganicProductBase">
    <ingestible>
      <preferability>RawBad</preferability>
      <tasteThought>AteRawFood</tasteThought>
      <ingestEffect>EatVegetarian</ingestEffect>
      <ingestSound>RawVegetable_Eat</ingestSound>
    </ingestible>
    <thingCategories>
      <li>PlantFoodRaw</li>
    </thingCategories>
      <statBases>
	      <Nutrition>0.05</Nutrition>
<FoodPoisonChanceFixedHuman>0.02</FoodPoisonChanceFixedHuman>
    </statBases>
  </ThingDef>


    <ThingDef Abstract="True" ParentName="VG_ResourceBase" Name="VG_PlantProductBase">
    <graphicData>
      <graphicClass>Graphic_Single</graphicClass>
    </graphicData>
    <socialPropernessMatters>true</socialPropernessMatters>
    <statBases>
      <MaxHitPoints>100</MaxHitPoints>
      <Flammability>1.0</Flammability>
      <DeteriorationRate>5</DeteriorationRate>
 	<Mass>0.03</Mass>
    </statBases>
    <ingestible>
      <foodType>Plant</foodType>
      <preferability>NeverForNutrition</preferability>
    </ingestible>
    <tickerType>Rare</tickerType>
  </ThingDef>

    <ThingDef Abstract="True" ParentName="VG_ResourceBase" Name="VG_CookingProductBase">
    <graphicData>
      <graphicClass>Graphic_Single</graphicClass>
    </graphicData>
    <socialPropernessMatters>true</socialPropernessMatters>
    <statBases>
      <MaxHitPoints>100</MaxHitPoints>
      <Flammability>1.0</Flammability>
      <DeteriorationRate>5</DeteriorationRate>
 	<Mass>0.05</Mass>
    </statBases>
    <ingestible>
      <foodType>Plant</foodType>
      <preferability>NeverForNutrition</preferability>
    </ingestible>
    <tickerType>Rare</tickerType>
	<thingCategories>
         <li>CookingSupplies</li>
      </thingCategories>
  </ThingDef>

    <ThingDef Abstract="True" ParentName="VG_ResourceBase" Name="VG_RawDrugsBase">
    <graphicData>
      <graphicClass>Graphic_Single</graphicClass>
    </graphicData>
    <socialPropernessMatters>true</socialPropernessMatters>
    <statBases>
      <MaxHitPoints>100</MaxHitPoints>
      <Flammability>1.0</Flammability>
      <DeteriorationRate>5</DeteriorationRate>
 	<Mass>0.03</Mass>
   </statBases>
    <ingestible>
      <foodType>Plant</foodType>
      <preferability>NeverForNutrition</preferability>
      <joyKind>Gluttonous</joyKind>
    </ingestible>
    <tickerType>Rare</tickerType>
	<thingCategories>
         <li>PlantMatter</li>
      </thingCategories>
  </ThingDef>

  <ThingDef Abstract="True" ParentName="VG_PlantProductBase" Name="VG_RawFruitBase">
    <statBases>
		<Mass>0.065</Mass>
		<Nutrition>0.08</Nutrition>
<FoodPoisonChanceFixedHuman>0.01</FoodPoisonChanceFixedHuman>
 	</statBases>
    <ingestible>
      <preferability>RawTasty</preferability>
      <tasteThought></tasteThought>
       <ingestEffect>EatVegetarian</ingestEffect>
       <ingestSound>RawVegetable_Eat</ingestSound>
       <foodType>VegetableOrFruit</foodType>
		<specialThoughtDirect>VP_AteFruit</specialThoughtDirect>
		<specialThoughtAsIngredient>VP_FoodMadeWithFruit</specialThoughtAsIngredient>	   
    </ingestible>
    <thingCategories>
      <li>FruitFoodRaw</li>
    </thingCategories>
  </ThingDef>

  <ThingDef Abstract="True" ParentName="VG_PlantProductBase" Name="VG_RawFoodBase">
    <ingestible>
      <preferability>RawBad</preferability>
      <tasteThought>AteRawFood</tasteThought>
      <ingestEffect>EatVegetarian</ingestEffect>
      <ingestSound>RawVegetable_Eat</ingestSound>
    </ingestible>
    <thingCategories>
      <li>PlantFoodRaw</li>
    </thingCategories>
    <statBases>
	<Mass>0.03</Mass>
      <Nutrition>0.05</Nutrition>
 <FoodPoisonChanceFixedHuman>0.01</FoodPoisonChanceFixedHuman>
 </statBases>
  </ThingDef>

  <ThingDef Name="VG_PlantBase" Abstract="True">
    <category>Plant</category>
    <thingClass>Plant</thingClass>
    <altitudeLayer>LowPlant</altitudeLayer>
    <useHitPoints>True</useHitPoints>
    <statBases>
      <Flammability>1</Flammability>
    </statBases>
    <tickerType>Long</tickerType>
    <selectable>False</selectable>
    <neverMultiSelect>True</neverMultiSelect>
    <drawerType>MapMeshOnly</drawerType>
    <pathCostIgnoreRepeat>false</pathCostIgnoreRepeat>
    <graphicData>
			<graphicClass>Graphic_Random</graphicClass>
			<shaderType>CutoutPlant</shaderType>
    </graphicData>
    <ingestible>
      <foodType>Plant</foodType>
      <preferability>RawBad</preferability>
		</ingestible>
    <plant>
			<fertilityMin>0.7</fertilityMin>
			<fertilitySensitivity>1.0</fertilitySensitivity>
      <soundHarvesting>Harvest_Standard</soundHarvesting>
      <soundHarvestFinish>Harvest_Standard_Finish</soundHarvestFinish>
      <sowWork>280</sowWork>
      <harvestWork>180</harvestWork>
      <visualSizeRange>0.5~1.0</visualSizeRange>
      <topWindExposure>0.1</topWindExposure>
    </plant>
  </ThingDef>

  
  	  <ThingDef ParentName="VG_PlantBase" Name="VG_PlantDef" Abstract="True">
    <statBases>
      <MaxHitPoints>85</MaxHitPoints>
      <Beauty>1</Beauty>
      <Nutrition>0.20</Nutrition>
    </statBases>
    <selectable>true</selectable>
    <pathCost>30</pathCost>
    <plant>
      <dieIfLeafless>true</dieIfLeafless>
      <harvestTag>Standard</harvestTag>
      <sowTags>
        <li>Ground</li>
        <li>Hydroponic</li>
      </sowTags>
    </plant>
  </ThingDef>

  	  <ThingDef ParentName="VG_PlantBase" Name="VG_WildPlantDef" Abstract="True">
    <statBases>
      <MaxHitPoints>85</MaxHitPoints>
      <Beauty>1</Beauty>
       <Nutrition>0.20</Nutrition>
   </statBases>
    <selectable>true</selectable>
     <neverMultiSelect>false</neverMultiSelect>
   <pathCost>10</pathCost>
    <plant>
      <dieIfLeafless>true</dieIfLeafless>
      <harvestTag>Standard</harvestTag>
    </plant>
  </ThingDef>


  <ThingDef ParentName="VG_PlantBase" Name="VG_TreeBase" Abstract="True">
    <statBases>
      <MaxHitPoints>200</MaxHitPoints>
      <Flammability>0.8</Flammability>
      <Nutrition>1.5</Nutrition>
       <Beauty>3</Beauty>
   </statBases>
    <altitudeLayer>Building</altitudeLayer>
    <selectable>true</selectable>
    <fillPercent>0.25</fillPercent>
    <graphicData>
      <shadowData>
        <volume>(0.2, 0.35, 0.13)</volume>
				<offset>(0,0,-0.42)</offset>
			</shadowData>
    </graphicData>
    <passability>PassThroughOnly</passability>
    <pathCost>130</pathCost>
    <blockWind>true</blockWind>
    <ingestible>
      <foodType>Tree</foodType>
      <preferability>RawBad</preferability>
    </ingestible>
    <plant>
			<fertilitySensitivity>0.5</fertilitySensitivity>
			<soundHarvesting>Harvest_Tree</soundHarvesting>
      <soundHarvestFinish>Harvest_Tree_Finish</soundHarvestFinish>
      <sowWork>4000</sowWork>
      <sowMinSkill>6</sowMinSkill>
      <sowResearchPrerequisites>
        <li>TreeSowing</li>
      </sowResearchPrerequisites>
      <mustBeWildToSow>true</mustBeWildToSow>
      <harvestWork>800</harvestWork>
      <harvestedThingDef>WoodLog</harvestedThingDef>
      <harvestYield>50</harvestYield>
      <harvestTag>Wood</harvestTag>
      <harvestMinGrowth>0.40</harvestMinGrowth>
      <harvestFailable>false</harvestFailable>
      <blockAdjacentSow>true</blockAdjacentSow>
      <sowTags>
        <li>Ground</li>
      </sowTags>
      <visualSizeRange>1.3~2.0</visualSizeRange>
      <topWindExposure>0.25</topWindExposure>
      <wildClusterRadius>8</wildClusterRadius>
      <wildClusterWeight>24</wildClusterWeight>
      <wildOrder>3</wildOrder>
      <interferesWithRoof>true</interferesWithRoof>
    </plant>
  </ThingDef>

  <ThingDef ParentName="VG_PlantBase" Name="VG_FruitTreeBase" Abstract="True">
    <statBases>
      <MaxHitPoints>200</MaxHitPoints>
      <Flammability>0.8</Flammability>
      <Nutrition>1.5</Nutrition>
       <Beauty>3</Beauty>
    </statBases>
    <altitudeLayer>Building</altitudeLayer>
    <selectable>true</selectable>
    <fillPercent>0.25</fillPercent>
    <graphicData>
      <shadowData>
        	<volume>(0.2, 0.35, 0.13)</volume>
		<offset>(0,0,-0.42)</offset>
	</shadowData>
     <shaderParameters>
     <_FallColorSource>(0.254, 0.286, 0.125)</_FallColorSource>
        <_FallColorDestination>/Other/TreeFallGradient</_FallColorDestination>
     <_FallTransitionRange>(0.02, 0.10)</_FallTransitionRange>
     <_FallBehaviorEnabled>1</_FallBehaviorEnabled>
  </shaderParameters>
  </graphicData>
    <passability>PassThroughOnly</passability>
    <pathCost>130</pathCost>
    <blockWind>true</blockWind>
    <ingestible>
      <foodType>Tree</foodType>
      <preferability>RawBad</preferability>
    </ingestible>
    <plant>
			<fertilitySensitivity>0.5</fertilitySensitivity>
			<soundHarvesting>Harvest_Tree</soundHarvesting>
      <soundHarvestFinish>Harvest_Tree_Finish</soundHarvestFinish>
      <sowWork>4000</sowWork>
      <sowMinSkill>6</sowMinSkill>
      <mustBeWildToSow>false</mustBeWildToSow>
      <harvestWork>600</harvestWork>
      <harvestTag>Standard</harvestTag>
      <harvestAfterGrowth>0.30</harvestAfterGrowth>
     <harvestMinGrowth>0.60</harvestMinGrowth>
      <harvestYield>50</harvestYield>
      <harvestFailable>false</harvestFailable>
      <blockAdjacentSow>true</blockAdjacentSow>
      <sowTags>
        <li>Ground</li>
      </sowTags>
      <visualSizeRange>1.3~2.0</visualSizeRange>
      <topWindExposure>0.25</topWindExposure>
      <wildClusterRadius>8</wildClusterRadius>
      <wildClusterWeight>24</wildClusterWeight>
      <wildOrder>3</wildOrder>
      <interferesWithRoof>true</interferesWithRoof>
    </plant>
  </ThingDef>
  
    <ThingDef ParentName="VG_TreeBase" Name="VG_TreewoodBase" Abstract="True">
    <plant>
      <soundHarvesting>Harvest_Tree</soundHarvesting>
      <soundHarvestFinish>Harvest_Tree_Finish</soundHarvestFinish>
      <sowWork>4000</sowWork>
      <harvestWork>800</harvestWork>
      <harvestedThingDef>WoodLog</harvestedThingDef>
      <harvestYield>50</harvestYield>
      <harvestTag>Wood</harvestTag>
      <harvestMinGrowth>0.40</harvestMinGrowth>
      <harvestFailable>false</harvestFailable>
      <blockAdjacentSow>true</blockAdjacentSow>
    </plant>
  </ThingDef>

  <ThingDef ParentName="VG_TreeBase" Name="VG_DeciduousTreeBase" Abstract="True">
    <graphicData>
      <shaderParameters>
        <_FallColorSource>(0.3803, 0.4352, 0.1451)</_FallColorSource>
        <_FallColorDestination>/Other/TreeFallGradient</_FallColorDestination>
        <_FallTransitionRange>(0.02, 0.10)</_FallTransitionRange>
        <_FallBehaviorEnabled>1</_FallBehaviorEnabled>
     </shaderParameters>
    </graphicData>
  </ThingDef>


</Defs>