<?xml version="1.0" encoding="utf-8" ?>
<Defs>
  <RecipeDef>
    <defName>DisassembleWoodenWeapon</defName>
    <label>disassemble wooden weapons</label>
    <description>Disassemble simple wooden weapons into useful resources.</description>
    <jobString>Disassemble weapon.</jobString>
    <workAmount>500</workAmount>
    <workSpeedStat>SmeltingSpeed</workSpeedStat>
    <effectWorking>Smelt</effectWorking>
    <soundWorking>Recipe_Smelt</soundWorking>
    <ingredients>
      <li>
        <filter>
          <categories>
            <li>Weapons</li>
          </categories>
        </filter>
        <count>1</count>
      </li>
    </ingredients>
	<specialProducts>
      <li>Smelted</li>
    </specialProducts>
    <fixedIngredientFilter>
      <categories>
        <li>Weapons</li>
      </categories>
      <specialFiltersToDisallow>
        <li>AllowNonBurnableWeapons</li>
      </specialFiltersToDisallow>
    </fixedIngredientFilter>
    <forceHiddenSpecialFilters>
      <li>AllowBurnableWeapons</li>
      <li>AllowSmeltable</li>
      <li>AllowNonSmeltableWeapons</li>
    </forceHiddenSpecialFilters>
    <defaultIngredientFilter>
      <categories>
        <li>Weapons</li>
      </categories>
    </defaultIngredientFilter>
		<recipeUsers>
			<li>CraftingSpot</li>
			<li>FueledSmithy</li>
			<li>ElectricSmithy</li>
		</recipeUsers>
</RecipeDef>


	<RecipeDef>
		<defName>MakeSilage</defName>
		<label>make silage</label>
		<description>Make silage from hay and raw grains. \n\nMakes 50.</description>
		<jobString>Making silage.</jobString>
		<workSpeedStat>CookSpeed</workSpeedStat>
		<effectWorking>Cook</effectWorking>
		<soundWorking>Recipe_CookMeal</soundWorking>
		<allowMixingIngredients>true</allowMixingIngredients>
		<workAmount>900</workAmount>
   <ingredientValueGetterClass>IngredientValueGetter_Nutrition</ingredientValueGetterClass>		
		<ingredients>
			<li>
			    <filter>
			      <thingDefs>
			        <li>RawCorn</li>
			        <li>RawRice</li>
					<li>RawBarley</li>
			    	<li>Rawbean</li>
     			 </thingDefs>
	  		    </filter>
			<count>1</count>
			</li>
			<li>
				<filter>
					<thingDefs>
						<li>Hay</li>
					</thingDefs>
				</filter>
				<count>1</count>
			</li>
		</ingredients>
		<fixedIngredientFilter>
			<thingDefs>
			    <li>RawCorn</li>
			    <li>RawRice</li>
			    <li>RawBarley</li>
			    <li>Rawbean</li>
			    <li>Hay</li>
			</thingDefs>
		</fixedIngredientFilter>
		<products>
			<Silage>50</Silage>
		</products>
		<workSkill>Cooking</workSkill>
  		<recipeUsers>
			<li>TableButcher</li>
		</recipeUsers>
	</RecipeDef>

	<RecipeDef>
		<defName>MakebulkSilage</defName>
		<label>make silage x4</label>
		<description>Make large amounts silage from hay and raw grains. \n\nMakes 200.</description>
		<jobString>Making bulk silage.</jobString>
		<workSpeedStat>CookSpeed</workSpeedStat>
		<effectWorking>Cook</effectWorking>
		<soundWorking>Recipe_CookMeal</soundWorking>
		<allowMixingIngredients>true</allowMixingIngredients>
		<workAmount>2000</workAmount>
   <ingredientValueGetterClass>IngredientValueGetter_Nutrition</ingredientValueGetterClass>			
		<ingredients>
			<li>
			    <filter>
			      <thingDefs>
			        <li>RawCorn</li>
			        <li>RawRice</li>
				   <li>RawBarley</li>
			    	   <li>Rawbean</li>
     			 </thingDefs>
	  		    </filter>
			<count>4</count>
			</li>
			<li>
				<filter>
					<thingDefs>
						<li>Hay</li>
					</thingDefs>
				</filter>
				<count>4</count>
			</li>
		</ingredients>
		<fixedIngredientFilter>
			<thingDefs>
			    <li>RawCorn</li>
			    <li>RawRice</li>
			    		<li>RawBarley</li>
			    		<li>Rawbean</li>
			    <li>Hay</li>
			</thingDefs>
		</fixedIngredientFilter>
		<products>
			<Silage>400</Silage>
		</products>
		<workSkill>Cooking</workSkill>
  		<recipeUsers>
			<li>TableButcher</li>
		</recipeUsers>
	</RecipeDef>

  <RecipeDef>
    <defName>VG_MakebulkKibble</defName>
    <label>make kibble x4</label>
    <description>Make animal kibble by combining raw meat and plants in bulk. \n\nMakes 200.</description>
    <jobString>Making bulk kibble.</jobString>
    <workAmount>1200</workAmount>
    <workSpeedStat>CookSpeed</workSpeedStat>
    <effectWorking>Cook</effectWorking>
    <soundWorking>Recipe_CookMeal</soundWorking>
    <allowMixingIngredients>true</allowMixingIngredients>
    <ingredientValueGetterClass>IngredientValueGetter_Nutrition</ingredientValueGetterClass>
    <ingredients>
      <li>
        <filter>
          <categories>
            <li>MeatRaw</li>
            <li>AnimalProductRaw</li>
          </categories>
        </filter>
        <count>4</count>
      </li>
      <li>
        <filter>
			<categories>
				<li>PlantFoodRaw</li>
			</categories>
			<thingDefs>
				<li>Hay</li>
				<li>Silage</li>
			</thingDefs>
        </filter>
        <count>4</count>
      </li>
    </ingredients>
    <products>
      <Kibble>200</Kibble>
    </products>
    <fixedIngredientFilter>
      <categories>
        <li>FoodRaw</li>
      </categories>
      <thingDefs>
        <li>Hay</li>
		<li>Silage</li>
      </thingDefs>
    </fixedIngredientFilter>
    <defaultIngredientFilter>
      <categories>
        <li>Foods</li>
      </categories>
      <disallowedCategories>
        <li>EggsFertilized</li>
      </disallowedCategories>
      <disallowedThingDefs>
        <li>InsectJelly</li>
      </disallowedThingDefs>
    </defaultIngredientFilter>
    <workSkill>Cooking</workSkill>
	<recipeUsers>
		<li>TableButcher</li>
    </recipeUsers>	
  </RecipeDef>
  
</Defs>
