<?xml version="1.0" encoding="utf-8" ?>
<Defs>

  <!--=========================== New Flowers ==============================-->

  <ThingDef ParentName="PlantBase">
    <defName>VG_Rose</defName>
    <label>garden rose</label>
    <description>A beautiful cultivated flower, the rose has been a symbol of love since Earth's ancient era.</description>
    <statBases>
      <MaxHitPoints>85</MaxHitPoints>
      <Beauty>14</Beauty>
      <BeautyOutdoors>14</BeautyOutdoors>	  
      <Nutrition>0.05</Nutrition>
    </statBases>
    <graphicData>
      <texPath>Things/Plants/Rose</texPath>
      <graphicClass>Graphic_Random</graphicClass>
    </graphicData>
    <altitudeLayer>Item</altitudeLayer>
    <selectable>true</selectable>
    <ingestible>
      <canAutoSelectAsFoodForCaravan>false</canAutoSelectAsFoodForCaravan>
    </ingestible>
    <plant>
      <dieIfLeafless>true</dieIfLeafless>
      <harvestTag>Standard</harvestTag>
      <sowWork>750</sowWork> <!-- 100 ticks per live day -->
      <sowTags>
        <li>Ground</li>
        <li>Decorative</li>
      </sowTags>
      <growMinGlow>0.3</growMinGlow>
      <topWindExposure>0.1</topWindExposure>
      <growDays>1.5</growDays>
      <lifespanDaysPerGrowDays>5</lifespanDaysPerGrowDays>
      <visualSizeRange>0.3~0.8</visualSizeRange>
      <wildOrder>1</wildOrder>
      <purpose>Beauty</purpose>
    </plant>
  </ThingDef>

  <ThingDef ParentName="PlantBase">
    <defName>VG_Daylily</defName>
    <label>garden daylily</label>
    <description>A cultivated flower with wide petals and a short lifespan. Daylilies are very beautiful, but must be replanted often.</description>
    <statBases>
      <MaxHitPoints>85</MaxHitPoints>
      <Beauty>18</Beauty>
      <BeautyOutdoors>18</BeautyOutdoors>
	  <Nutrition>0.05</Nutrition>
    </statBases>
    <graphicData>
      <texPath>Things/Plants/Daylily</texPath>
      <graphicClass>Graphic_Random</graphicClass>
    </graphicData>
    <altitudeLayer>Item</altitudeLayer>
    <selectable>true</selectable>
    <ingestible>
      <canAutoSelectAsFoodForCaravan>false</canAutoSelectAsFoodForCaravan>
    </ingestible>
    <plant>
      <dieIfLeafless>true</dieIfLeafless>
      <harvestTag>Standard</harvestTag>
      <sowWork>540</sowWork> <!-- 120 ticks per live day for beauty -->
      <sowTags>
        <li>Ground</li>
        <li>Decorative</li>
      </sowTags>
      <growMinGlow>0.3</growMinGlow>
      <topWindExposure>0.1</topWindExposure>
      <growDays>1.5</growDays>
      <lifespanDaysPerGrowDays>3</lifespanDaysPerGrowDays>
      <visualSizeRange>0.3~0.8</visualSizeRange>
      <wildOrder>1</wildOrder>
      <purpose>Beauty</purpose>
    </plant>
  </ThingDef>

  <ThingDef ParentName="PlantBase">
    <defName>PlantPlumeria</defName>
    <label>Plumeria</label>
    <description>A beautiful cultivated small bushy flower that grows in random colors.</description>
    <statBases>
      <MaxHitPoints>85</MaxHitPoints>
      <Beauty>16</Beauty>      
	  <BeautyOutdoors>16</BeautyOutdoors>
      <Nutrition>0.05</Nutrition>
    </statBases>
    <graphicData>
      <texPath>Things/Flowers/Plumeria</texPath>
      <graphicClass>Graphic_Random</graphicClass>
    </graphicData>
    <altitudeLayer>Item</altitudeLayer>
    <selectable>true</selectable>
    <ingestible>
      <foodType>Plant</foodType>
      <preferability>NeverForNutrition</preferability>
    </ingestible>
    <plant>
      <dieIfLeafless>true</dieIfLeafless>
      <harvestTag>Standard</harvestTag>
      <sowWork>600</sowWork>
      <sowTags>
        <li>Decorative</li>
         <li>Ground</li>
     </sowTags>
      <growMinGlow>0.3</growMinGlow>
      <topWindExposure>0.1</topWindExposure>
      <growDays>1.5</growDays>
      <lifespanDaysPerGrowDays>4</lifespanDaysPerGrowDays>
      <fertilitySensitivity>1.0</fertilitySensitivity>
      <visualSizeRange>0.5~1.0</visualSizeRange>
      <purpose>Beauty</purpose>
    </plant>
  </ThingDef>

  <ThingDef ParentName="PlantBase">
    <defName>Wild_PlantPlumeria</defName>
    <label>Plumeria</label>
    <description>A beautiful cultivated small bushy flower that grows in random colors.</description>
    <statBases>
      <MaxHitPoints>85</MaxHitPoints>
      <Beauty>20</Beauty>
      <BeautyOutdoors>20</BeautyOutdoors>	  
      <Nutrition>0.05</Nutrition>
    </statBases>
    <graphicData>
      <texPath>Things/Flowers/Plumeria</texPath>
      <graphicClass>Graphic_Random</graphicClass>
    </graphicData>
    <altitudeLayer>Item</altitudeLayer>
    <selectable>true</selectable>
    <ingestible>
      <foodType>Plant</foodType>
      <preferability>NeverForNutrition</preferability>
    </ingestible>
    <plant>
      <dieIfLeafless>true</dieIfLeafless>
      <harvestTag>Standard</harvestTag>
      <sowWork>600</sowWork>
      <growMinGlow>0.3</growMinGlow>
      <topWindExposure>0.1</topWindExposure>
      <growDays>2</growDays>
      <lifespanDaysPerGrowDays>8</lifespanDaysPerGrowDays>
      <fertilitySensitivity>1.0</fertilitySensitivity>
      <visualSizeRange>0.5~1.0</visualSizeRange>
	<wildBiomes>
	   <TemperateForest>0.01</TemperateForest>
	   <TropicalRainforest>0.01</TropicalRainforest>    			   
	   <BorealForest>0.01</BorealForest>
	   <Tundra>0.01</Tundra>
	</wildBiomes>
      <purpose>Beauty</purpose>
    </plant>
  </ThingDef>

  <ThingDef ParentName="PlantBase">
    <defName>Plant_VGChokevine</defName>
    <label>chokevine</label>
    <description>Tangled masses of cord-like, spiky vines which coil in great masses along the ground. Chokevine greatky slows down anyone who moves over it. Multiple tribes have independently generated stories of chokevine strangling children to death in the night, as a way to scare kids into coming home before dark.</description>
    <statBases>
      <MaxHitPoints>100</MaxHitPoints>
      <Nutrition>0.25</Nutrition>
    </statBases>
    <pathCost>55</pathCost>
    <graphicData>
      <texPath>Things/Plant/Chokevine</texPath>
      <drawSize>2.25</drawSize>
      <graphicClass>Graphic_Random</graphicClass>
    </graphicData>
    <ingestible />
    <plant>
      <fertilitySensitivity>0.7</fertilitySensitivity>
      <growDays>5</growDays>
      <harvestWork>150</harvestWork>
      <maxMeshCount>4</maxMeshCount>
      <leaflessGraphicPath>Things/Plant/Chokevine_Leafless</leaflessGraphicPath>
	  <lifespanDaysPerGrowDays>5</lifespanDaysPerGrowDays>
      <visualSizeRange>0.78~0.88</visualSizeRange>
      <topWindExposure>0.16</topWindExposure>
      <wildClusterRadius>6</wildClusterRadius>
      <wildClusterWeight>200</wildClusterWeight>
      <wildOrder>1</wildOrder>
		<sowTags>
			<li>Ground</li>
		</sowTags>
    </plant>
  </ThingDef>
 
  <ThingDef ParentName="PlantBase">
    <defName>Plant_VG_Grass</defName>
    <label>grass</label>
    <description>Wild grass. Grows anywhere there is a little light and minimally fertile ground.</description>
    <statBases>
      <MaxHitPoints>85</MaxHitPoints>
      <Flammability>1.3</Flammability>
      <Nutrition>0.50</Nutrition>
    </statBases>
    <graphicData>
      <texPath>Things/Plant/Grass</texPath>
      <graphicClass>Graphic_Random</graphicClass>
    </graphicData>
    <hideAtSnowDepth>0.5</hideAtSnowDepth>
    <ingestible />
    <plant>
      <fertilityMin>0.05</fertilityMin>
      <fertilitySensitivity>0.3</fertilitySensitivity>
	  <lifespanDaysPerGrowDays>15</lifespanDaysPerGrowDays>
      <growDays>2</growDays>
      <leaflessGraphicPath>Things/Plant/Grass_Leafless</leaflessGraphicPath>
      <harvestWork>40</harvestWork>
      <maxMeshCount>9</maxMeshCount>
      <visualSizeRange>0.4~0.6</visualSizeRange>
      <topWindExposure>0.4</topWindExposure>
      <wildOrder>1</wildOrder>
	 <wildBiomes>
	   <TemperateForest>3.0</TemperateForest>
	   <TropicalRainforest>1.0</TropicalRainforest>
	   <AridShrubland>3.0</AridShrubland>
	   <Desert>1.0</Desert>
	   <ExtremeDesert>1.0</ExtremeDesert>	 
		<BorealForest>1.0</BorealForest>
		<Tundra>1.0</Tundra>		
	</wildBiomes>
	      <sowTags>
        <li>Ground</li>
		</sowTags>
    </plant>
  </ThingDef>

 
   <ThingDef ParentName="PlantBase">
    <defName>Plant_VGTallGrass</defName>
    <label>tall grass</label>
    <description>Wild tall grass. Slows down anyone moving over it.</description>
    <statBases>
      <MaxHitPoints>90</MaxHitPoints>
      <Flammability>1.3</Flammability>
      <Nutrition>0.50</Nutrition>
    </statBases>
    <pathCost>25</pathCost>
    <graphicData>
      <texPath>Things/Plant/Grass</texPath>
      <graphicClass>Graphic_Random</graphicClass>
    </graphicData>
    <hideAtSnowDepth>0.5</hideAtSnowDepth>
    <ingestible />
    <plant>
      <fertilitySensitivity>0.7</fertilitySensitivity>
      <growDays>3</growDays>
      <harvestWork>60</harvestWork>
      <maxMeshCount>9</maxMeshCount>
      <visualSizeRange>0.7~0.85</visualSizeRange>
      <topWindExposure>0.4</topWindExposure>
      <wildClusterRadius>4</wildClusterRadius>
      <wildClusterWeight>10</wildClusterWeight>
      <wildOrder>1</wildOrder>
		<sowTags>
			<li>Ground</li>
		</sowTags>	  
    </plant>
  </ThingDef> 
</Defs>