<?xml version="1.0" encoding="utf-8" ?>
<Defs>

  <ThingDef ParentName="ResourceBase">
    <defName>CPD_CoffeeBeans</defName>
    <label>coffee beans</label>
    <description>Raw Coffee. Best prepared as a beverage</description>
    <graphicData>
		<texPath>Things/Veg/RawCoffee</texPath>
		<graphicClass>Graphic_Single</graphicClass>
	</graphicData>
    <ingestible>
      <foodType>Plant</foodType>
      <preferability>NeverForNutrition</preferability>
    </ingestible>
    <statBases>
      <MarketValue>4</MarketValue>
	  <Mass>0.03</Mass>
      <Nutrition>0.05</Nutrition>
	</statBases>
    <comps>
      <li Class="CompProperties_Rottable">
        <daysToRotStart>30</daysToRotStart>
        <rotDestroys>true</rotDestroys>
      </li>
    </comps>
    <thingCategories>
      <li>PlantMatter</li>	
    </thingCategories>
	<tickerType>Rare</tickerType>
  </ThingDef>


<ThingDef ParentName="ResourceBase">
    <defName>Rawtea</defName>
    <label>tea leaves</label>
    <description>Tea leaves for brewing.</description>
	<graphicData>
		<texPath>Things/Veg/tea</texPath>
		<graphicClass>Graphic_Single</graphicClass>
    </graphicData>
    <statBases>
      <MarketValue>2.0</MarketValue>
	  <Mass>0.03</Mass>
      <Nutrition>0.05</Nutrition>
    </statBases>
    <ingestible>
      <foodType>Plant</foodType>
      <preferability>NeverForNutrition</preferability>
    </ingestible>
    <comps>
      <li Class="CompProperties_Rottable">
        <daysToRotStart>30</daysToRotStart>
        <rotDestroys>true</rotDestroys>
      </li>
    </comps>
    <thingCategories>
      <li>PlantMatter</li>
    </thingCategories>
	<tickerType>Rare</tickerType>
  </ThingDef>

  

  <!--=============== Kibble ====================-->


  <ThingDef ParentName="OrganicProductBase">
    <defName>Silage</defName>
    <label>silage</label>
    <thingCategories>
      <li>AnimalFeed</li>
    </thingCategories>
    <description>Nutrient-rich fermented hay and grains for your animals. The fermentation process preserves the silage preventing rot.</description>
    <stackLimit>200</stackLimit>
    <statBases>
      <MarketValue>1.3</MarketValue>
      <Mass>0.015</Mass>
      <Nutrition>0.05</Nutrition>
    </statBases>
    <ingestible>
      <foodType>VegetarianAnimal</foodType>
      <preferability>RawBad</preferability>
	<tasteThought>AteKibble</tasteThought>
	<optimalityOffsetHumanlikes>-30</optimalityOffsetHumanlikes>
      <optimalityOffsetFeedingAnimals>15</optimalityOffsetFeedingAnimals>
      <ingestEffect>EatVegetarian</ingestEffect>
      <ingestSound>RawVegetable_Eat</ingestSound>
    </ingestible>
    <graphicData>
      <texPath>Things/Item/Resource/PlantFoodRaw/Hay</texPath>
      <graphicClass>Graphic_StackCount</graphicClass>
      <color>(107,142,35)</color>
    </graphicData>
    <socialPropernessMatters>true</socialPropernessMatters>	
  </ThingDef>


  <ThingDef ParentName="ResourceBase">
    <defName>VG_Biofuel</defName>
    <label>biofuel</label>
    <description>Fuel made from the processes of refining various types of plants for oils and alcohols. And is used to fuel generators and workbenches.</description>
    <graphicData>
      <texPath>Things/Item/BioFuel</texPath>
      <graphicClass>Graphic_Single</graphicClass>
    </graphicData>
    <stackLimit>400</stackLimit>
		<statBases>
      <MaxHitPoints>50</MaxHitPoints>
      <MarketValue>4</MarketValue>
      <Mass>0.05</Mass>
      <Flammability>1.0</Flammability>
			<DeteriorationRate>1.0</DeteriorationRate>
		</statBases>
    <thingCategories>
      <li>Manufactured</li>
    </thingCategories>
  </ThingDef>
  
  <ThingDef ParentName="ResourceBase">
    <defName>VG_Hivepiece</defName>
    <label>Hive piece</label>
    <description>A living piece of an insect hive. Used to make a hydro-jelly farm to produce insect jelly. Eww I think it's still moving...</description>
		<tickerType>Normal</tickerType>
    <graphicData>
      <texPath>Things/Item/hivepiece</texPath>
      <graphicClass>Graphic_Single</graphicClass>
    </graphicData>
    <stackLimit>10</stackLimit>
		<statBases>
		<MarketValue>150</MarketValue>
		<Mass>2</Mass>
		<Flammability>1.0</Flammability>
		<DeteriorationRate>1.0</DeteriorationRate>
		</statBases>
    <thingCategories>
      <li>ResourcesRaw</li>
    </thingCategories>
	   <comps>
		<li Class="CompProperties_Rottable">
        <daysToRotStart>15</daysToRotStart>
        <rotDestroys>true</rotDestroys>
      </li>
    </comps>
  </ThingDef>
  


  </Defs>
