<?xml version="1.0" encoding="utf-8" ?>
<Defs>

 <ThingDef Abstract="True" ParentName="ResourceBase" Name="VG_MeatlikePlantBase">
    <graphicData>
      <graphicClass>Graphic_Single</graphicClass>
    </graphicData>
    <socialPropernessMatters>true</socialPropernessMatters>
    <statBases>
      <MaxHitPoints>100</MaxHitPoints>
      <Flammability>1.0</Flammability>
      <DeteriorationRate>5</DeteriorationRate>
 	<Mass>0.03</Mass>
    </statBases>
	  <ingestible>
      <foodType>Plant</foodType>
      <preferability>NeverForNutrition</preferability>
    </ingestible>
    <tickerType>Rare</tickerType>
 </ThingDef>

 <ThingDef ParentName="VG_MeatlikePlantBase">
    <defName>RawRedLentil</defName>
    <label>red lentil</label>
    <description>Raw protein-rich lentil. Used in place of meat in recipes.</description>
    <graphicData>
      <texPath>Things/Veg/redlentil</texPath>
    </graphicData>
    <thingCategories>
      <li>MeatRaw</li>
    </thingCategories>
    <statBases>
      <MarketValue>2</MarketValue>
   	 <Mass>0.003</Mass>
      <Nutrition>0.05</Nutrition>
    </statBases>
    <ingredient>	
      <mergeCompatibilityTags>
        <li MayRequire="Ludeon.RimWorld.Ideology">MeatEating</li>		
      </mergeCompatibilityTags>		
    </ingredient>	
    <comps>
      <li Class="CompProperties_Rottable">
        <daysToRotStart>14</daysToRotStart>
      </li>
    </comps>
    <ingestible>
      <preferability>RawBad</preferability>
      <tasteThought>AteRawFood</tasteThought>
      <foodType>VegetableOrFruit</foodType>
      <ingestEffect>EatVegetarian</ingestEffect>
      <ingestSound>RawVegetable_Eat</ingestSound>
    </ingestible>
 </ThingDef>

 <ThingDef ParentName="VG_MeatlikePlantBase">
    <defName>Rawmushroom</defName>
    <label>mushroom</label>
    <description>Raw protein-rich mushrooms. Nice to eat, even when raw.</description>
    <graphicData>
      <texPath>Things/Veg/mushroom</texPath>
    </graphicData>
    <thingCategories>
      <li>MeatRaw</li>
    </thingCategories>
    <statBases>
      <MarketValue>2</MarketValue>
      <Nutrition>0.06</Nutrition>
    </statBases>
    <ingredient>	
      <mergeCompatibilityTags>
        <li MayRequire="Ludeon.RimWorld.Ideology">MeatEating</li>		
      </mergeCompatibilityTags>		
    </ingredient>	
    <comps>
      <li Class="CompProperties_Rottable">
        <daysToRotStart>10</daysToRotStart>
      </li>
    </comps>
    <ingestible>
      <foodType>VegetableOrFruit</foodType>
      <preferability>RawTasty</preferability>
      <ingestEffect>EatVegetarian</ingestEffect>	  
    </ingestible>
 </ThingDef>


</Defs>