<?xml version="1.0" encoding="utf-8" ?>
<Defs>



<!-- New crop types Fruit Trees -->


  <ThingDef ParentName="VG_FruitTreeBase">
    <defName>PlantAppletree</defName>
    <label>apple tree</label>
    <description>A fruit bearing tree that grows apples and is not destroyed when picked.</description>
    <graphicData>
      <texPath>Things/Plants/appleTree</texPath>
      <graphicClass>Graphic_Random</graphicClass>
       <shaderParameters>
        <_FallColorSource>(0.282, 0.325, 0.156)</_FallColorSource>
        <_FallColorDestination>/Other/TreeFallGradient</_FallColorDestination>
        <_FallTransitionRange>(0.02, 0.10)</_FallTransitionRange>
        <_FallBehaviorEnabled>1</_FallBehaviorEnabled>
      </shaderParameters>
    </graphicData>
    <plant>
      <growDays>18</growDays>
      <harvestedThingDef>Rawapple</harvestedThingDef>
<immatureGraphicPath>Things/Immature/appleTree</immatureGraphicPath>
      <wildOrder>2</wildOrder>
      <purpose>Food</purpose>
       <sowResearchPrerequisites>
        <li>agricultureIII</li>
      </sowResearchPrerequisites>
  </plant>
  </ThingDef>
  
  <ThingDef ParentName="VG_FruitTreeBase">
    <defName>PlantBananaTree</defName>
    <label>banana tree</label>
    <description>A fruit bearing tree that grows banana and is not destroyed when picked.</description>
    <graphicData>
      <texPath>Things/Plants/bananaTree</texPath>
      <graphicClass>Graphic_Random</graphicClass>
    </graphicData>
    <plant>   
      <growDays>18</growDays>
      <harvestedThingDef>Rawbanana</harvestedThingDef>
<immatureGraphicPath>Things/Immature/bananaTree</immatureGraphicPath>
       <wildOrder>2</wildOrder>
      <purpose>Food</purpose>
      <sowResearchPrerequisites>
        <li>agricultureIII</li>
      </sowResearchPrerequisites>
   </plant>
  </ThingDef>

    <ThingDef ParentName="VG_FruitTreeBase">
    <defName>PlantorangeTree</defName>
    <label>orange tree</label>
    <description>A fruit bearing tree that grows oranges and is not destroyed when picked.</description>
    <graphicData>
      <texPath>Things/Plants/orangeTree</texPath>
      <graphicClass>Graphic_Random</graphicClass>
        <shaderParameters>
        <_FallColorSource>(0.282, 0.325, 0.156)</_FallColorSource>
        <_FallColorDestination>/Other/TreeFallGradient</_FallColorDestination>
        <_FallTransitionRange>(0.02, 0.10)</_FallTransitionRange>
        <_FallBehaviorEnabled>1</_FallBehaviorEnabled>
      </shaderParameters>
   </graphicData>
    <plant>
      <growDays>18</growDays>
      <harvestedThingDef>Raworange</harvestedThingDef>
 <immatureGraphicPath>Things/Immature/orangeTree</immatureGraphicPath>
       <wildOrder>2</wildOrder>
      <purpose>Food</purpose>
       <sowResearchPrerequisites>
        <li>agricultureIII</li>
      </sowResearchPrerequisites>
 </plant>
  </ThingDef>

  <ThingDef ParentName="VG_FruitTreeBase">
    <defName>PlantPeachTree</defName>
    <label>peach tree</label>
    <description>A fruit bearing tree that grows peaches and is not destroyed when picked.</description>
    <graphicData>
      <texPath>Things/Plants/peachTree</texPath>
      <graphicClass>Graphic_Random</graphicClass>
        <shaderParameters>
        <_FallColorSource>(0.282, 0.325, 0.156)</_FallColorSource>
        <_FallColorDestination>/Other/TreeFallGradient</_FallColorDestination>
        <_FallTransitionRange>(0.02, 0.10)</_FallTransitionRange>
        <_FallBehaviorEnabled>1</_FallBehaviorEnabled>
      </shaderParameters>
   </graphicData>
    <plant>
      <growDays>18</growDays>
      <harvestedThingDef>Rawpeach</harvestedThingDef>
   <immatureGraphicPath>Things/Immature/peachTree</immatureGraphicPath>
       <wildOrder>2</wildOrder>
      <purpose>Food</purpose>
      <sowResearchPrerequisites>
        <li>agricultureIII</li>
      </sowResearchPrerequisites>
  </plant>
 </ThingDef>

    <ThingDef ParentName="VG_FruitTreeBase">
    <defName>DateTree</defName>
    <label>date palm tree</label>
    <description>A fruit bearing tree that grows dates and is not destroyed when picked.</description>
    <graphicData>
      <texPath>Things/Plants/DateTree</texPath>
      <graphicClass>Graphic_Random</graphicClass>
    </graphicData>
    <plant>
      <growDays>12</growDays>
      <harvestedThingDef>Rawdate</harvestedThingDef>
    <immatureGraphicPath>Things/Immature/DateTree</immatureGraphicPath>
      <sowTags>
        <li>Ground</li>
      </sowTags>
      <sowResearchPrerequisites>
        <li>agricultureIV</li>
      </sowResearchPrerequisites>
       <wildOrder>2</wildOrder>
      <purpose>Food</purpose>
   </plant>
  </ThingDef>

    <ThingDef ParentName="VG_FruitTreeBase">
    <defName>FigTree</defName>
    <label>fig tree</label>
    <description>A fruit bearing tree that grows figs and is not destroyed when picked.</description>
    <graphicData>
      <texPath>Things/Plants/FigTree</texPath>
      <graphicClass>Graphic_Random</graphicClass>
    </graphicData>
    <plant>
      <growDays>12</growDays>
      <harvestedThingDef>Rawfig</harvestedThingDef>
    <immatureGraphicPath>Things/Immature/FigTree</immatureGraphicPath>
      <sowTags>
        <li>Ground</li>
      </sowTags>
      <sowResearchPrerequisites>
        <li>agricultureIV</li>
      </sowResearchPrerequisites>
        <wildOrder>2</wildOrder>
      <purpose>Food</purpose>
  </plant>
  </ThingDef>


  <ThingDef ParentName="VG_FruitTreeBase">
    <defName>Coconuttree</defName>
    <label>coconut tree</label>
    <description>A fruit bearing tree that grows coconuts and is not destroyed when picked.</description>
    <graphicData>
      <texPath>Things/Tree/TreeCoconut</texPath>
      <graphicClass>Graphic_Random</graphicClass>
    </graphicData>
    <plant>
      <growDays>14</growDays>
      <harvestedThingDef>RawCoconut</harvestedThingDef>
       <sowTags>
        <li>Ground</li>
      </sowTags>
      <sowResearchPrerequisites>
        <li>agricultureIV</li>
      </sowResearchPrerequisites>
      <wildOrder>2</wildOrder>
      <purpose>Food</purpose>
   </plant>
  </ThingDef>


  <ThingDef ParentName="VG_FruitTreeBase">
    <defName>PlantCherrytree</defName>
    <label>cherry tree</label>
    <description>A fruit bearing tree that grows cherries and is not destroyed when picked.</description>
    <graphicData>
      <texPath>Things/Tree/TreeCherryFruit</texPath>
      <graphicClass>Graphic_Random</graphicClass>
        <shaderParameters>
        <_FallColorSource>(0.282, 0.325, 0.156)</_FallColorSource>
        <_FallColorDestination>/Other/TreeFallGradient</_FallColorDestination>
        <_FallTransitionRange>(0.02, 0.10)</_FallTransitionRange>
        <_FallBehaviorEnabled>1</_FallBehaviorEnabled>
      </shaderParameters>
   </graphicData>
    <plant>
      <growDays>18</growDays>
      <harvestedThingDef>RawCherry</harvestedThingDef>
 <immatureGraphicPath>Things/Immature/TreeCherryFruit</immatureGraphicPath>
       <sowTags>
        <li>Ground</li>
      </sowTags>
      <sowResearchPrerequisites>
        <li>agricultureIV</li>
      </sowResearchPrerequisites>
      <wildOrder>2</wildOrder>
      <purpose>Food</purpose>
 </plant>
  </ThingDef>


<!-- New fruit crop types  -->

<ThingDef ParentName="VG_PlantDef">
	<defName>Plantpineapple</defName>
	<label>pineapple plant</label>
	<description>Think skin fruit that grows a top a bush.</description>
    <graphicData>
      <texPath>Things/Plants/pineapplePlant</texPath>
      <graphicClass>Graphic_Single</graphicClass>
    </graphicData>
    <plant>
      <harvestedThingDef>Rawpineapple</harvestedThingDef>
	<harvestYield>7</harvestYield>
      <sowMinSkill>6</sowMinSkill>
      <growDays>5.75</growDays>
      <fertilitySensitivity>0.6</fertilitySensitivity>
       <immatureGraphicPath>Things/Immature/pineapplePlant</immatureGraphicPath>
      <sowTags>
        <li>Ground</li>
         <li>Hydroponic</li>
     </sowTags>
      <sowResearchPrerequisites>
        <li>agricultureIV</li>
      </sowResearchPrerequisites>
      <wildOrder>2</wildOrder>
      <purpose>Food</purpose>
   </plant>
  </ThingDef>

<ThingDef ParentName="VG_PlantDef">
	<defName>Plantcloudberry</defName>
	<label>cloudberry plant</label>
	<description>A berry bush that grows well in cold climates.</description>
    <graphicData>
      <texPath>Things/Plants/cloudberryPlant</texPath>
      <graphicClass>Graphic_Single</graphicClass>
    </graphicData>
    <plant>
      <dieIfLeafless>false</dieIfLeafless>
      <harvestedThingDef>Rawcloudberry</harvestedThingDef>
      <harvestYield>7</harvestYield>
      <sowMinSkill>6</sowMinSkill>
      <growDays>6</growDays>
      <fertilitySensitivity>0.6</fertilitySensitivity>
      <immatureGraphicPath>Things/Immature/cloudberryPlant</immatureGraphicPath>
      <sowTags>
        <li>Ground</li>
        <li>Hydroponic</li>
      </sowTags>
      <sowResearchPrerequisites>
        <li>agricultureIV</li>
      </sowResearchPrerequisites>
       <wildOrder>2</wildOrder>
      <purpose>Food</purpose>
  </plant>
  </ThingDef>

<ThingDef ParentName="VG_PlantDef">
	<defName>Plantgooseberry</defName>
	<label>gooseberry plant</label>
	<description>A berry bush that grows well in cold climates.</description>
    <graphicData>
      <texPath>Things/Plants/gooseberryPlant</texPath>
      <graphicClass>Graphic_Single</graphicClass>
    </graphicData>
    <plant>
      <dieIfLeafless>false</dieIfLeafless>
      <harvestedThingDef>Rawgooseberry</harvestedThingDef>
      <harvestYield>7</harvestYield>
      <sowMinSkill>6</sowMinSkill>
      <growDays>6.25</growDays>
      <fertilitySensitivity>0.6</fertilitySensitivity>
     <immatureGraphicPath>Things/Immature/gooseberryPlant</immatureGraphicPath>
     <sowTags>
        <li>Ground</li>
         <li>Hydroponic</li>
    </sowTags>
      <sowResearchPrerequisites>
        <li>agricultureIV</li>
      </sowResearchPrerequisites>
       <wildOrder>2</wildOrder>
      <purpose>Food</purpose>
  </plant>
  </ThingDef>


<ThingDef ParentName="VG_PlantDef">
	<defName>Plantgrape</defName>
	<label>grape vine</label>
	<description>A sweet small fruit that grows in small viney bushes.</description>
    <graphicData>
      <texPath>Things/Plants/grapePlant</texPath>
      <graphicClass>Graphic_Single</graphicClass>
    </graphicData>
    <plant>
      <harvestedThingDef>Rawgrape</harvestedThingDef>
	<harvestYield>8</harvestYield>
     <sowMinSkill>6</sowMinSkill>
      <growDays>6.5</growDays>
      <fertilitySensitivity>0.6</fertilitySensitivity>
      <sowResearchPrerequisites>
        <li>agricultureII</li>
      </sowResearchPrerequisites>
      <immatureGraphicPath>Things/Immature/grapePlant</immatureGraphicPath>
      <wildOrder>2</wildOrder>
      <purpose>Food</purpose>
    </plant>

  </ThingDef>

<ThingDef ParentName="VG_PlantDef">
		<defName>Plantblueberry</defName>
		<label>blueberry plant</label>
		<description>Blue colored berry that grows in bushes.</description>
    <graphicData>
      <texPath>Things/Plants/blueberryPlant</texPath>
      <graphicClass>Graphic_Single</graphicClass>
    </graphicData>
    <plant>
      <harvestedThingDef>Rawblueberry</harvestedThingDef>
      <harvestYield>8</harvestYield>
      <sowMinSkill>6</sowMinSkill>
      <growDays>6.5</growDays>
      <fertilitySensitivity>0.6</fertilitySensitivity>
       <sowResearchPrerequisites>
        <li>agricultureII</li>
      </sowResearchPrerequisites>
      <immatureGraphicPath>Things/Immature/blueberryPlant</immatureGraphicPath>
      <wildOrder>2</wildOrder>
      <purpose>Food</purpose>
   </plant>
  </ThingDef>

<ThingDef ParentName="VG_PlantDef">
	<defName>Plantwatermelon</defName>
	<label>watermelon plant</label>
	<description>This fruit is rich in vitamins A and C and can be eaten raw or cooked in a variety of ways.</description>
    <graphicData>
      <texPath>Things/Plants/watermelonPlant</texPath>
      <graphicClass>Graphic_Single</graphicClass>
    </graphicData>
    <plant>
      <harvestedThingDef>Rawwatermelon</harvestedThingDef>
	<harvestYield>6</harvestYield>
      <sowMinSkill>6</sowMinSkill>
      <growDays>5</growDays>
      <fertilitySensitivity>0.6</fertilitySensitivity>
       <sowResearchPrerequisites>
        <li>agricultureII</li>
      </sowResearchPrerequisites>
      <immatureGraphicPath>Things/Immature/watermelonPlant</immatureGraphicPath>
      <wildOrder>2</wildOrder>
      <purpose>Food</purpose>
   </plant>
  </ThingDef>

  <ThingDef ParentName="VG_PlantDef">
    <defName>VG_Plant_Agave</defName>
    <label>agave</label>
    <description>A large-leafed desert plant with edible flowers and stalks.</description>
    <graphicData>
      <texPath>Things/Plant/Agave</texPath>
      <graphicClass>Graphic_Random</graphicClass>
      <shadowData>
        <volume>(0.2, 0.6, 0.2)</volume>
      </shadowData>
    </graphicData>
    <fillPercent>0.20</fillPercent>
    <ingestible />
    <plant>
      <fertilitySensitivity>0.5</fertilitySensitivity>
      <growDays>5</growDays>
      <harvestAfterGrowth>0.30</harvestAfterGrowth>
      <harvestedThingDef>RawAgave</harvestedThingDef>
      <harvestYield>6</harvestYield>
      <harvestWork>300</harvestWork>
      <visualSizeRange>0.9~1.4</visualSizeRange>
      <topWindExposure>0.3</topWindExposure>
      <wildClusterRadius>8</wildClusterRadius>
      <wildClusterWeight>300</wildClusterWeight>
      <wildOrder>2</wildOrder>
      <purpose>Food</purpose>
	  <sowResearchPrerequisites>
        <li>agricultureII</li>
      </sowResearchPrerequisites>
    </plant>
  </ThingDef>


</Defs>